time,ecg_signal
0.0,-0.151
0.002,-0.171
0.004,-0.151
0.006,-0.142
0.008,-0.107
0.01,-0.088
0.012,-0.117
0.014,-0.127
0.016,-0.137
0.018,-0.122
0.02,-0.146
0.022,-0.122
0.024,-0.083
0.026,-0.137
0.028,-0.151
0.03,-0.132
0.032,-0.112
0.034,-0.102
0.036,-0.102
0.038,-0.117
0.04,-0.122
0.042,-0.137
0.044,-0.142
0.046,-0.122
0.048,-0.132
0.05,-0.142
0.052,-0.156
0.054,-0.146
0.056,-0.146
0.058,-0.093
0.06,-0.068
0.062,-0.132
0.064,-0.161
0.066,-0.137
0.068,-0.102
0.07,-0.127
0.072,-0.137
0.074,-0.151
0.076,-0.142
0.078,-0.137
0.08,-0.161
0.082,-0.112
0.084,-0.112
0.086,-0.063
0.088,-0.073
0.09,-0.132
0.092,-0.146
0.094,-0.161
0.096,-0.171
0.098,-0.127
0.1,-0.117
0.102,-0.098
0.104,-0.112
0.106,-0.142
0.108,-0.127
0.11,-0.107
0.112,-0.137
0.114,-0.151
0.116,-0.142
0.118,-0.166
0.12,-0.132
0.122,-0.107
0.124,-0.093
0.126,-0.151
0.128,-0.142
0.13,-0.112
0.132,-0.142
0.134,-0.195
0.136,-0.142
0.138,-0.078
0.14,-0.112
0.142,-0.146
0.144,-0.19
0.146,-0.132
0.148,-0.098
0.15,-0.063
0.152,-0.078
0.154,-0.132
0.156,-0.156
0.158,-0.156
0.16,-0.151
0.162,-0.151
0.164,-0.151
0.166,-0.137
0.168,-0.112
0.17,-0.107
0.172,-0.117
0.174,-0.093
0.176,-0.098
0.178,-0.107
0.18,-0.142
0.182,-0.112
0.184,-0.102
0.186,-0.102
0.188,-0.122
0.19,-0.142
0.192,-0.117
0.194,-0.122
0.196,-0.137
0.198,-0.112
0.2,-0.049
0.202,-0.054
0.204,-0.107
0.206,-0.132
0.208,-0.127
0.21,-0.102
0.212,-0.122
0.214,-0.127
0.216,-0.122
0.218,-0.151
0.22,-0.112
0.222,-0.083
0.224,-0.063
0.226,-0.078
0.228,-0.117
0.23,-0.112
0.232,-0.137
0.234,-0.132
0.236,-0.093
0.238,-0.112
0.24,-0.122
0.242,-0.088
0.244,-0.102
0.246,-0.127
0.248,-0.102
0.25,-0.093
0.252,-0.088
0.254,-0.083
0.256,-0.083
0.258,-0.063
0.26,-0.078
0.262,-0.073
0.264,-0.088
0.266,-0.088
0.268,-0.073
0.27,-0.068
0.272,-0.117
0.274,-0.102
0.276,-0.146
0.278,-0.127
0.28,-0.063
0.282,-0.049
0.284,-0.029
0.286,-0.054
0.288,-0.083
0.29,-0.063
0.292,-0.093
0.294,-0.093
0.296,-0.098
0.298,-0.083
0.3,-0.122
0.302,-0.117
0.304,-0.098
0.306,-0.088
0.308,-0.083
0.31,-0.054
0.312,-0.054
0.314,-0.024
0.316,-0.005
0.318,-0.039
0.32,-0.049
0.322,-0.029
0.324,-0.044
0.326,-0.034
0.328,-0.02
0.33,0.005
0.332,0.015
0.334,0.015
0.336,0.049
0.338,0.073
0.34,0.088
0.342,0.098
0.344,0.063
0.346,0.044
0.348,0.054
0.35,0.049
0.352,0.054
0.354,0.083
0.356,0.093
0.358,0.127
0.36,0.142
0.362,0.137
0.364,0.127
0.366,0.078
0.368,0.034
0.37,0.029
0.372,0.02
0.374,0.034
0.376,0.054
0.378,0.049
0.38,0.059
0.382,0.044
0.384,0.059
0.386,0.049
0.388,-0.005
0.39,-0.015
0.392,-0.039
0.394,-0.059
0.396,-0.068
0.398,-0.088
0.4,-0.068
0.402,-0.083
0.404,-0.093
0.406,-0.078
0.408,-0.044
0.41,0.0
0.412,-0.039
0.414,-0.093
0.416,-0.088
0.418,-0.107
0.42,-0.102
0.422,-0.088
0.424,-0.102
0.426,-0.083
0.428,-0.063
0.43,-0.102
0.432,-0.137
0.434,-0.098
0.436,-0.107
0.438,-0.137
0.44,-0.151
0.442,-0.107
0.444,-0.083
0.446,-0.059
0.448,-0.024
0.45,-0.063
0.452,-0.059
0.454,0.02
0.456,0.127
0.458,0.278
0.46,0.473
0.462,0.639
0.464,0.834
0.466,1.054
0.468,1.298
0.47,1.352
0.472,1.298
0.474,1.137
0.476,0.878
0.478,0.625
0.48,0.4
0.482,0.161
0.484,0.083
0.486,0.102
0.488,0.107
0.49,0.19
0.492,0.185
0.494,0.117
0.496,0.073
0.498,0.059
0.5,0.02
0.502,-0.005
0.504,-0.044
0.506,-0.029
0.508,-0.044
0.51,-0.044
0.512,-0.02
0.514,-0.034
0.516,-0.015
0.518,0.02
0.52,-0.015
0.522,-0.01
0.524,-0.044
0.526,-0.024
0.528,0.0
0.53,-0.024
0.532,-0.034
0.534,-0.015
0.536,-0.005
0.538,0.049
0.54,0.044
0.542,0.039
0.544,0.049
0.546,0.039
0.548,-0.01
0.55,-0.024
0.552,0.0
0.554,-0.01
0.556,-0.01
0.558,0.02
0.56,0.024
0.562,0.015
0.564,0.01
0.566,0.034
0.568,0.015
0.57,0.044
0.572,0.059
0.574,0.024
0.576,0.024
0.578,0.015
0.58,-0.015
0.582,-0.01
0.584,0.01
0.586,0.107
0.588,0.146
0.59,0.102
0.592,0.054
0.594,0.02
0.596,0.063
0.598,0.088
0.6,0.088
0.602,0.093
0.604,0.073
0.606,0.083
0.608,0.107
0.61,0.098
0.612,0.137
0.614,0.146
0.616,0.098
0.618,0.161
0.62,0.166
0.622,0.122
0.624,0.132
0.626,0.171
0.628,0.19
0.63,0.166
0.632,0.127
0.634,0.161
0.636,0.215
0.638,0.2
0.64,0.224
0.642,0.224
0.644,0.22
0.646,0.239
0.648,0.229
0.65,0.244
0.652,0.254
0.654,0.264
0.656,0.278
0.658,0.322
0.66,0.366
0.662,0.361
0.664,0.351
0.666,0.366
0.668,0.376
0.67,0.356
0.672,0.366
0.674,0.381
0.676,0.425
0.678,0.41
0.68,0.395
0.682,0.434
0.684,0.464
0.686,0.468
0.688,0.532
0.69,0.551
0.692,0.547
0.694,0.542
0.696,0.508
0.698,0.556
0.7,0.566
0.702,0.561
0.704,0.571
0.706,0.566
0.708,0.561
0.71,0.59
0.712,0.59
0.714,0.571
0.716,0.561
0.718,0.556
0.72,0.556
0.722,0.522
0.724,0.537
0.726,0.522
0.728,0.503
0.73,0.478
0.732,0.464
0.734,0.454
0.736,0.415
0.738,0.395
0.74,0.361
0.742,0.298
0.744,0.268
0.746,0.278
0.748,0.234
0.75,0.205
0.752,0.21
0.754,0.185
0.756,0.19
0.758,0.171
0.76,0.107
0.762,0.127
0.764,0.102
0.766,0.088
0.768,0.063
0.77,0.039
0.772,0.039
0.774,0.024
0.776,-0.01
0.778,0.01
0.78,0.029
0.782,0.024
0.784,0.029
0.786,0.005
0.788,-0.01
0.79,-0.015
0.792,-0.02
0.794,-0.044
0.796,-0.02
0.798,0.015
0.8,-0.005
0.802,-0.039
0.804,-0.015
0.806,-0.01
0.808,-0.024
0.81,-0.02
0.812,-0.005
0.814,0.005
0.816,-0.024
0.818,-0.024
0.82,-0.02
0.822,-0.054
0.824,-0.054
0.826,-0.068
0.828,-0.049
0.83,0.01
0.832,0.024
0.834,0.024
0.836,0.024
0.838,0.015
0.84,-0.005
0.842,-0.005
0.844,0.0
0.846,-0.01
0.848,0.005
0.85,0.0
0.852,-0.005
0.854,-0.029
0.856,-0.044
0.858,-0.005
0.86,-0.015
0.862,-0.02
0.864,0.005
0.866,0.024
0.868,0.024
0.87,-0.034
0.872,-0.024
0.874,0.005
0.876,-0.015
0.878,-0.029
0.88,-0.029
0.882,-0.01
0.884,0.015
0.886,-0.01
0.888,-0.02
0.89,0.015
0.892,0.01
0.894,0.01
0.896,0.015
0.898,0.005
0.9,0.005
0.902,-0.015
0.904,-0.044
0.906,-0.098
0.908,-0.078
0.91,-0.049
0.912,0.005
0.914,0.015
0.916,-0.024
0.918,-0.034
0.92,-0.024
0.922,-0.024
0.924,-0.039
0.926,-0.059
0.928,-0.054
0.93,-0.044
0.932,-0.005
0.934,-0.024
0.936,-0.039
0.938,-0.054
0.94,-0.068
0.942,-0.049
0.944,-0.054
0.946,-0.063
0.948,-0.044
0.95,-0.044
0.952,-0.039
0.954,-0.083
0.956,-0.063
0.958,0.024
0.96,-0.044
0.962,-0.093
0.964,-0.068
0.966,-0.088
0.968,-0.098
0.97,-0.098
0.972,-0.049
0.974,-0.034
0.976,-0.088
0.978,-0.083
0.98,-0.059
0.982,-0.049
0.984,-0.044
0.986,-0.073
0.988,-0.063
0.99,-0.049
0.992,-0.068
0.994,-0.073
0.996,-0.093
0.998,-0.151
1.0,-0.127
1.002,-0.112
1.004,-0.102
1.006,-0.098
1.008,-0.127
1.01,-0.156
1.012,-0.122
1.014,-0.102
1.016,-0.073
1.018,-0.117
1.02,-0.088
1.022,-0.024
1.024,-0.068
1.026,-0.083
1.028,-0.063
1.03,-0.063
1.032,-0.068
1.034,-0.068
1.036,-0.098
1.038,-0.102
1.04,-0.102
1.042,-0.063
1.044,-0.073
1.046,-0.112
1.048,-0.098
1.05,-0.083
1.052,-0.073
1.054,-0.078
1.056,-0.093
1.058,-0.142
1.06,-0.166
1.062,-0.161
1.064,-0.122
1.066,-0.127
1.068,-0.137
1.07,-0.127
1.072,-0.146
1.074,-0.098
1.076,-0.093
1.078,-0.132
1.08,-0.117
1.082,-0.088
1.084,-0.107
1.086,-0.156
1.088,-0.156
1.09,-0.132
1.092,-0.107
1.094,-0.132
1.096,-0.127
1.098,-0.137
1.1,-0.132
1.102,-0.107
1.104,-0.146
1.106,-0.185
1.108,-0.176
1.11,-0.181
1.112,-0.142
1.114,-0.161
1.116,-0.122
1.118,-0.122
1.12,-0.122
1.122,-0.107
1.124,-0.146
1.126,-0.132
1.128,-0.166
1.13,-0.181
1.132,-0.156
1.134,-0.142
1.136,-0.2
1.138,-0.2
1.14,-0.181
1.142,-0.161
1.144,-0.156
1.146,-0.166
1.148,-0.142
1.15,-0.142
1.152,-0.161
1.154,-0.161
1.156,-0.181
1.158,-0.137
1.16,-0.098
1.162,-0.117
1.164,-0.093
1.166,-0.083
1.168,-0.078
1.17,-0.073
1.172,-0.093
1.174,-0.117
1.176,-0.112
1.178,-0.122
1.18,-0.068
1.182,-0.029
1.184,-0.044
1.186,-0.044
1.188,-0.01
1.19,-0.034
1.192,-0.054
1.194,-0.063
1.196,-0.049
1.198,0.0
1.2,-0.01
1.202,-0.029
1.204,-0.039
1.206,-0.039
1.208,-0.049
1.21,-0.049
1.212,-0.02
1.214,-0.044
1.216,-0.068
1.218,-0.117
1.22,-0.122
1.222,-0.098
1.224,-0.068
1.226,-0.093
1.228,-0.127
1.23,-0.137
1.232,-0.102
1.234,-0.093
1.236,-0.156
1.238,-0.2
1.24,-0.195
1.242,-0.195
1.244,-0.176
1.246,-0.195
1.248,-0.229
1.25,-0.224
1.252,-0.244
1.254,-0.249
1.256,-0.22
1.258,-0.249
1.26,-0.244
1.262,-0.264
1.264,-0.273
1.266,-0.244
1.268,-0.244
1.27,-0.259
1.272,-0.278
1.274,-0.259
1.276,-0.254
1.278,-0.234
1.28,-0.215
1.282,-0.22
1.284,-0.283
1.286,-0.268
1.288,-0.249
1.29,-0.273
1.292,-0.259
1.294,-0.239
1.296,-0.244
1.298,-0.224
1.3,-0.2
1.302,-0.142
1.304,-0.005
1.306,0.171
1.308,0.376
1.31,0.522
1.312,0.722
1.314,1.0
1.316,1.2
1.318,1.249
1.32,1.205
1.322,1.03
1.324,0.781
1.326,0.551
1.328,0.337
1.33,0.083
1.332,-0.024
1.334,0.0
1.336,0.063
1.338,0.059
1.34,0.01
1.342,-0.054
1.344,-0.093
1.346,-0.146
1.348,-0.22
1.35,-0.234
1.352,-0.19
1.354,-0.195
1.356,-0.229
1.358,-0.234
1.36,-0.229
1.362,-0.205
1.364,-0.19
1.366,-0.166
1.368,-0.21
1.37,-0.21
1.372,-0.171
1.374,-0.176
1.376,-0.21
1.378,-0.195
1.38,-0.205
1.382,-0.166
1.384,-0.176
1.386,-0.205
1.388,-0.195
1.39,-0.185
1.392,-0.156
1.394,-0.166
1.396,-0.171
1.398,-0.142
1.4,-0.137
1.402,-0.146
1.404,-0.146
1.406,-0.176
1.408,-0.185
1.41,-0.181
1.412,-0.142
1.414,-0.137
1.416,-0.146
1.418,-0.171
1.42,-0.151
1.422,-0.166
1.424,-0.161
1.426,-0.151
1.428,-0.151
1.43,-0.127
1.432,-0.102
1.434,-0.117
1.436,-0.132
1.438,-0.181
1.44,-0.127
1.442,-0.078
1.444,-0.117
1.446,-0.098
1.448,-0.078
1.45,-0.073
1.452,-0.107
1.454,-0.117
1.456,-0.073
1.458,-0.039
1.46,-0.024
1.462,0.02
1.464,-0.044
1.466,-0.044
1.468,-0.029
1.47,-0.049
1.472,-0.01
1.474,0.02
1.476,-0.034
1.478,0.005
1.48,0.054
1.482,0.049
1.484,0.034
1.486,0.068
1.488,0.132
1.49,0.093
1.492,0.059
1.494,0.112
1.496,0.102
1.498,0.083
1.5,0.127
1.502,0.156
1.504,0.176
1.506,0.156
1.508,0.176
1.51,0.21
1.512,0.205
1.514,0.229
1.516,0.22
1.518,0.185
1.52,0.2
1.522,0.278
1.524,0.332
1.526,0.337
1.528,0.303
1.53,0.312
1.532,0.351
1.534,0.371
1.536,0.361
1.538,0.356
1.54,0.361
1.542,0.381
1.544,0.395
1.546,0.444
1.548,0.459
1.55,0.429
1.552,0.429
1.554,0.503
1.556,0.473
1.558,0.473
1.56,0.454
1.562,0.454
1.564,0.473
1.566,0.449
1.568,0.444
1.57,0.449
1.572,0.41
1.574,0.361
1.576,0.386
1.578,0.361
1.58,0.386
1.582,0.346
1.584,0.307
1.586,0.293
1.588,0.259
1.59,0.229
1.592,0.156
1.594,0.146
1.596,0.146
1.598,0.117
1.6,0.098
1.602,0.068
1.604,0.02
1.606,0.015
1.608,-0.005
1.61,-0.029
1.612,-0.01
1.614,-0.068
1.616,-0.102
1.618,-0.098
1.62,-0.063
1.622,-0.078
1.624,-0.151
1.626,-0.156
1.628,-0.098
1.63,-0.073
1.632,-0.088
1.634,-0.137
1.636,-0.142
1.638,-0.137
1.64,-0.137
1.642,-0.098
1.644,-0.073
1.646,-0.093
1.648,-0.093
1.65,-0.137
1.652,-0.171
1.654,-0.117
1.656,-0.083
1.658,-0.117
1.66,-0.151
1.662,-0.151
1.664,-0.102
1.666,-0.112
1.668,-0.176
1.67,-0.151
1.672,-0.137
1.674,-0.146
1.676,-0.117
1.678,-0.102
1.68,-0.117
1.682,-0.132
1.684,-0.142
1.686,-0.127
1.688,-0.142
1.69,-0.107
1.692,-0.083
1.694,-0.117
1.696,-0.146
1.698,-0.127
1.7,-0.093
1.702,-0.102
1.704,-0.127
1.706,-0.112
1.708,-0.102
1.71,-0.098
1.712,-0.093
1.714,-0.117
1.716,-0.117
1.718,-0.137
1.72,-0.161
1.722,-0.161
1.724,-0.142
1.726,-0.107
1.728,-0.088
1.73,-0.083
1.732,-0.059
1.734,-0.054
1.736,-0.063
1.738,-0.073
1.74,-0.083
1.742,-0.093
1.744,-0.117
1.746,-0.137
1.748,-0.156
1.75,-0.132
1.752,-0.112
1.754,-0.068
1.756,-0.059
1.758,-0.078
1.76,-0.107
1.762,-0.112
1.764,-0.098
1.766,-0.112
1.768,-0.122
1.77,-0.132
1.772,-0.122
1.774,-0.151
1.776,-0.146
1.778,-0.122
1.78,-0.093
1.782,-0.117
1.784,-0.132
1.786,-0.122
1.788,-0.107
1.79,-0.127
1.792,-0.112
1.794,-0.102
1.796,-0.156
1.798,-0.161
1.8,-0.156
1.802,-0.166
1.804,-0.176
1.806,-0.137
1.808,-0.098
1.81,-0.112
1.812,-0.151
1.814,-0.166
1.816,-0.161
1.818,-0.156
1.82,-0.161
1.822,-0.132
1.824,-0.161
1.826,-0.2
1.828,-0.176
1.83,-0.161
1.832,-0.19
1.834,-0.171
1.836,-0.166
1.838,-0.19
1.84,-0.19
1.842,-0.156
1.844,-0.146
1.846,-0.195
1.848,-0.2
1.85,-0.205
1.852,-0.161
1.854,-0.122
1.856,-0.132
1.858,-0.19
1.86,-0.2
1.862,-0.171
1.864,-0.166
1.866,-0.19
1.868,-0.176
1.87,-0.151
1.872,-0.171
1.874,-0.195
1.876,-0.142
1.878,-0.137
1.88,-0.19
1.882,-0.2
1.884,-0.215
1.886,-0.21
1.888,-0.19
1.89,-0.195
1.892,-0.19
1.894,-0.195
1.896,-0.181
1.898,-0.171
1.9,-0.171
1.902,-0.21
1.904,-0.239
1.906,-0.22
1.908,-0.19
1.91,-0.205
1.912,-0.171
1.914,-0.137
1.916,-0.171
1.918,-0.205
1.92,-0.161
1.922,-0.161
1.924,-0.205
1.926,-0.185
1.928,-0.137
1.93,-0.137
1.932,-0.21
1.934,-0.239
1.936,-0.2
1.938,-0.185
1.94,-0.176
1.942,-0.19
1.944,-0.176
1.946,-0.156
1.948,-0.166
1.95,-0.19
1.952,-0.205
1.954,-0.185
1.956,-0.19
1.958,-0.176
1.96,-0.185
1.962,-0.161
1.964,-0.185
1.966,-0.185
1.968,-0.176
1.97,-0.19
1.972,-0.161
1.974,-0.156
1.976,-0.156
1.978,-0.185
1.98,-0.185
1.982,-0.2
1.984,-0.185
1.986,-0.21
1.988,-0.181
1.99,-0.151
1.992,-0.146
1.994,-0.171
1.996,-0.176
1.998,-0.176
2.0,-0.185
2.002,-0.2
2.004,-0.161
2.006,-0.176
2.008,-0.142
2.01,-0.122
2.012,-0.161
2.014,-0.181
2.016,-0.185
2.018,-0.185
2.02,-0.195
2.022,-0.21
2.024,-0.185
2.026,-0.146
2.028,-0.166
2.03,-0.185
2.032,-0.176
2.034,-0.185
2.036,-0.195
2.038,-0.2
2.04,-0.2
2.042,-0.195
2.044,-0.166
2.046,-0.132
2.048,-0.142
2.05,-0.161
2.052,-0.146
2.054,-0.132
2.056,-0.112
2.058,-0.083
2.06,-0.054
2.062,-0.054
2.064,-0.078
2.066,-0.098
2.068,-0.098
2.07,-0.039
2.072,-0.015
2.074,-0.029
2.076,-0.024
2.078,-0.005
2.08,-0.034
2.082,-0.034
2.084,0.039
2.086,0.02
2.088,0.0
2.09,-0.024
2.092,-0.034
2.094,-0.024
2.096,-0.02
2.098,-0.005
2.1,-0.015
2.102,-0.034
2.104,-0.039
2.106,-0.049
2.108,-0.059
2.11,-0.078
2.112,-0.063
2.114,-0.063
2.116,-0.063
2.118,-0.073
2.12,-0.068
2.122,-0.102
2.124,-0.137
2.126,-0.122
2.128,-0.137
2.13,-0.146
2.132,-0.161
2.134,-0.195
2.136,-0.2
2.138,-0.195
2.14,-0.2
2.142,-0.181
2.144,-0.185
2.146,-0.156
2.148,-0.166
2.15,-0.181
2.152,-0.161
2.154,-0.156
2.156,-0.181
2.158,-0.21
2.16,-0.224
2.162,-0.195
2.164,-0.166
2.166,-0.185
2.168,-0.21
2.17,-0.181
2.172,-0.161
2.174,-0.156
2.176,-0.151
2.178,-0.142
2.18,-0.137
2.182,-0.156
2.184,-0.185
2.186,-0.171
2.188,-0.102
2.19,-0.024
2.192,0.102
2.194,0.288
2.196,0.488
2.198,0.717
2.2,0.952
2.202,1.186
2.204,1.322
2.206,1.376
2.208,1.332
2.21,1.157
2.212,0.888
2.214,0.654
2.216,0.488
2.218,0.244
2.22,0.161
2.222,0.176
2.224,0.249
2.226,0.215
2.228,0.093
2.23,0.054
2.232,0.049
2.234,-0.005
2.236,-0.044
2.238,0.02
2.24,-0.005
2.242,-0.015
2.244,-0.005
2.246,0.01
2.248,0.005
2.25,-0.02
2.252,-0.029
2.254,-0.015
2.256,-0.015
2.258,0.015
2.26,0.0
2.262,-0.015
2.264,-0.029
2.266,0.0
2.268,0.039
2.27,0.039
2.272,0.0
2.274,0.01
2.276,-0.015
2.278,-0.039
2.28,0.015
2.282,0.015
2.284,0.034
2.286,0.029
2.288,0.02
2.29,0.073
2.292,0.068
2.294,0.039
2.296,0.054
2.298,0.093
2.3,0.088
2.302,0.059
2.304,0.049
2.306,0.078
2.308,0.093
2.31,0.098
2.312,0.112
2.314,0.073
2.316,0.093
2.318,0.093
2.32,0.049
2.322,0.044
2.324,0.029
2.326,0.039
2.328,0.063
2.33,0.049
2.332,0.024
2.334,0.044
2.336,0.083
2.338,0.132
2.34,0.112
2.342,0.083
2.344,0.073
2.346,0.063
2.348,0.073
2.35,0.054
2.352,0.073
2.354,0.073
2.356,0.073
2.358,0.107
2.36,0.107
2.362,0.078
2.364,0.083
2.366,0.102
2.368,0.127
2.37,0.132
2.372,0.117
2.374,0.088
2.376,0.137
2.378,0.156
2.38,0.176
2.382,0.166
2.384,0.176
2.386,0.224
2.388,0.249
2.39,0.234
2.392,0.229
2.394,0.22
2.396,0.229
2.398,0.264
2.4,0.259
2.402,0.278
2.404,0.342
2.406,0.356
2.408,0.366
2.41,0.381
2.412,0.405
2.414,0.405
2.416,0.4
2.418,0.415
2.42,0.434
2.422,0.429
2.424,0.464
2.426,0.444
2.428,0.508
2.43,0.527
2.432,0.512
2.434,0.542
2.436,0.556
2.438,0.586
2.44,0.547
2.442,0.508
2.444,0.503
2.446,0.522
2.448,0.508
2.45,0.556
2.452,0.586
2.454,0.561
2.456,0.537
2.458,0.522
2.46,0.561
2.462,0.551
2.464,0.468
2.466,0.405
2.468,0.425
2.47,0.449
2.472,0.381
2.474,0.337
2.476,0.337
2.478,0.307
2.48,0.278
2.482,0.249
2.484,0.205
2.486,0.142
2.488,0.093
2.49,0.122
2.492,0.156
2.494,0.098
2.496,0.024
2.498,0.078
2.5,0.098
2.502,0.068
2.504,-0.02
2.506,-0.059
2.508,-0.073
2.51,-0.112
2.512,-0.156
2.514,-0.098
2.516,-0.078
2.518,-0.049
2.52,-0.044
2.522,-0.098
2.524,-0.127
2.526,-0.19
2.528,-0.176
2.53,-0.161
2.532,-0.161
2.534,-0.112
2.536,-0.112
2.538,-0.127
2.54,-0.112
2.542,-0.132
2.544,-0.117
2.546,-0.102
2.548,-0.151
2.55,-0.161
2.552,-0.171
2.554,-0.181
2.556,-0.127
2.558,-0.142
2.56,-0.156
2.562,-0.166
2.564,-0.161
2.566,-0.112
2.568,-0.132
2.57,-0.137
2.572,-0.151
2.574,-0.171
2.576,-0.171
2.578,-0.176
2.58,-0.166
2.582,-0.171
2.584,-0.137
2.586,-0.127
2.588,-0.107
2.59,-0.137
2.592,-0.132
2.594,-0.137
2.596,-0.171
2.598,-0.146
2.6,-0.171
2.602,-0.22
2.604,-0.22
2.606,-0.2
2.608,-0.107
2.61,-0.098
2.612,-0.161
2.614,-0.156
2.616,-0.142
2.618,-0.132
2.62,-0.132
2.622,-0.185
2.624,-0.185
2.626,-0.161
2.628,-0.117
2.63,-0.102
2.632,-0.117
2.634,-0.142
2.636,-0.142
2.638,-0.166
2.64,-0.142
2.642,-0.127
2.644,-0.142
2.646,-0.117
2.648,-0.122
2.65,-0.132
2.652,-0.132
2.654,-0.166
2.656,-0.171
2.658,-0.185
2.66,-0.142
2.662,-0.098
2.664,-0.112
2.666,-0.151
2.668,-0.151
2.67,-0.151
2.672,-0.146
2.674,-0.146
2.676,-0.161
2.678,-0.142
2.68,-0.142
2.682,-0.142
2.684,-0.132
2.686,-0.146
2.688,-0.166
2.69,-0.185
2.692,-0.146
2.694,-0.151
2.696,-0.166
2.698,-0.166
2.7,-0.127
2.702,-0.132
2.704,-0.122
2.706,-0.151
2.708,-0.151
2.71,-0.166
2.712,-0.181
2.714,-0.171
2.716,-0.137
2.718,-0.142
2.72,-0.181
2.722,-0.161
2.724,-0.195
2.726,-0.185
2.728,-0.171
2.73,-0.146
2.732,-0.161
2.734,-0.176
2.736,-0.195
2.738,-0.215
2.74,-0.215
2.742,-0.156
2.744,-0.146
2.746,-0.185
2.748,-0.205
2.75,-0.171
2.752,-0.146
2.754,-0.146
2.756,-0.156
2.758,-0.181
2.76,-0.19
2.762,-0.185
2.764,-0.195
2.766,-0.161
2.768,-0.156
2.77,-0.195
2.772,-0.176
2.774,-0.122
2.776,-0.161
2.778,-0.185
2.78,-0.171
2.782,-0.171
2.784,-0.185
2.786,-0.254
2.788,-0.259
2.79,-0.181
2.792,-0.166
2.794,-0.146
2.796,-0.122
2.798,-0.181
2.8,-0.195
2.802,-0.2
2.804,-0.181
2.806,-0.176
2.808,-0.176
2.81,-0.171
2.812,-0.185
2.814,-0.22
2.816,-0.171
2.818,-0.166
2.82,-0.151
2.822,-0.137
2.824,-0.181
2.826,-0.171
2.828,-0.181
2.83,-0.176
2.832,-0.181
2.834,-0.137
2.836,-0.122
2.838,-0.132
2.84,-0.117
2.842,-0.112
2.844,-0.107
2.846,-0.146
2.848,-0.161
2.85,-0.185
2.852,-0.166
2.854,-0.156
2.856,-0.156
2.858,-0.137
2.86,-0.137
2.862,-0.161
2.864,-0.102
2.866,-0.107
2.868,-0.102
2.87,-0.122
2.872,-0.151
2.874,-0.137
2.876,-0.137
2.878,-0.151
2.88,-0.146
2.882,-0.127
2.884,-0.078
2.886,-0.088
2.888,-0.112
2.89,-0.102
2.892,-0.093
2.894,-0.088
2.896,-0.093
2.898,-0.112
2.9,-0.102
2.902,-0.117
2.904,-0.098
2.906,-0.034
2.908,-0.039
2.91,-0.073
2.912,-0.093
2.914,-0.088
2.916,-0.098
2.918,-0.088
2.92,-0.078
2.922,-0.093
2.924,-0.088
2.926,-0.102
2.928,-0.132
2.93,-0.083
2.932,-0.024
2.934,-0.054
2.936,-0.054
2.938,-0.029
2.94,-0.054
2.942,-0.054
2.944,-0.044
2.946,-0.059
2.948,-0.034
2.95,-0.02
2.952,-0.02
2.954,0.024
2.956,0.005
2.958,0.039
2.96,0.073
2.962,0.044
2.964,0.039
2.966,0.024
2.968,0.01
2.97,0.024
2.972,0.093
2.974,0.122
2.976,0.117
2.978,0.117
2.98,0.137
2.982,0.107
2.984,0.073
2.986,0.098
2.988,0.078
2.99,0.088
2.992,0.122
2.994,0.117
2.996,0.117
2.998,0.088
3.0,0.107
3.002,0.137
3.004,0.098
3.006,0.073
3.008,0.02
3.01,0.0
3.012,0.054
3.014,0.073
3.016,0.059
3.018,0.01
3.02,0.01
3.022,0.029
3.024,0.015
3.026,0.005
3.028,0.005
3.03,-0.01
3.032,-0.044
3.034,-0.054
3.036,-0.054
3.038,-0.049
3.04,-0.063
3.042,-0.073
3.044,-0.034
3.046,-0.068
3.048,-0.102
3.05,-0.059
3.052,0.01
3.054,-0.02
3.056,-0.088
3.058,-0.073
3.06,-0.044
3.062,-0.093
3.064,-0.107
3.066,-0.054
3.068,-0.073
3.07,-0.098
3.072,-0.073
3.074,-0.063
3.076,-0.049
3.078,-0.068
3.08,-0.122
3.082,-0.142
3.084,-0.083
3.086,0.039
3.088,0.171
3.09,0.327
3.092,0.547
3.094,0.752
3.096,0.947
3.098,1.166
3.1,1.337
3.102,1.405
3.104,1.332
3.106,1.132
3.108,0.903
3.11,0.634
3.112,0.405
3.114,0.195
3.116,0.166
3.118,0.205
3.12,0.254
3.122,0.254
3.124,0.19
3.126,0.102
3.128,0.078
3.13,0.063
3.132,-0.01
3.134,-0.01
3.136,0.0
3.138,-0.005
3.14,-0.01
3.142,-0.015
3.144,0.0
3.146,0.015
3.148,-0.029
3.15,-0.02
3.152,0.0
3.154,0.005
3.156,0.039
3.158,0.015
3.16,0.0
3.162,0.01
3.164,0.015
3.166,0.024
3.168,0.024
3.17,0.01
3.172,0.02
3.174,-0.024
3.176,0.005
3.178,0.024
3.18,0.034
3.182,0.039
3.184,0.02
3.186,0.029
3.188,0.049
3.19,0.029
3.192,0.039
3.194,0.024
3.196,0.02
3.198,0.02
3.2,0.02
3.202,0.078
3.204,0.073
3.206,0.044
3.208,0.039
3.21,0.02
3.212,0.01
3.214,0.059
3.216,0.054
3.218,0.112
3.22,0.117
3.222,0.068
3.224,0.054
3.226,0.068
3.228,0.083
3.23,0.088
3.232,0.054
3.234,0.107
3.236,0.117
3.238,0.137
3.24,0.142
3.242,0.122
3.244,0.142
3.246,0.156
3.248,0.137
3.25,0.156
3.252,0.151
3.254,0.137
3.256,0.166
3.258,0.161
3.26,0.161
3.262,0.195
3.264,0.2
3.266,0.215
3.268,0.224
3.27,0.224
3.272,0.249
3.274,0.22
3.276,0.195
3.278,0.244
3.28,0.254
3.282,0.244
3.284,0.264
3.286,0.264
3.288,0.293
3.29,0.303
3.292,0.298
3.294,0.312
3.296,0.312
3.298,0.376
3.3,0.395
3.302,0.371
3.304,0.405
3.306,0.429
3.308,0.468
3.31,0.434
3.312,0.42
3.314,0.429
3.316,0.434
3.318,0.483
3.32,0.512
3.322,0.478
3.324,0.473
3.326,0.503
3.328,0.522
3.33,0.527
3.332,0.488
3.334,0.512
3.336,0.522
3.338,0.547
3.34,0.586
3.342,0.551
3.344,0.586
3.346,0.61
3.348,0.586
3.35,0.566
3.352,0.566
3.354,0.551
3.356,0.508
3.358,0.488
3.36,0.488
3.362,0.508
3.364,0.468
3.366,0.405
3.368,0.425
3.37,0.415
3.372,0.429
3.374,0.405
3.376,0.337
3.378,0.268
3.38,0.2
3.382,0.185
3.384,0.2
3.386,0.171
3.388,0.166
3.39,0.171
3.392,0.146
3.394,0.117
3.396,0.088
3.398,0.044
3.4,0.034
3.402,0.005
3.404,-0.005
3.406,-0.005
3.408,-0.049
3.41,-0.034
3.412,-0.01
3.414,-0.034
3.416,-0.024
3.418,-0.059
3.42,-0.049
3.422,-0.068
3.424,-0.098
3.426,-0.059
3.428,-0.054
3.43,-0.034
3.432,-0.083
3.434,-0.102
3.436,-0.068
3.438,-0.063
3.44,-0.107
3.442,-0.073
3.444,-0.068
3.446,-0.088
3.448,-0.093
3.45,-0.078
3.452,-0.059
3.454,-0.039
3.456,-0.049
3.458,-0.083
3.46,-0.117
3.462,-0.112
3.464,-0.083
3.466,-0.073
3.468,-0.093
3.47,-0.098
3.472,-0.093
3.474,-0.078
3.476,-0.078
3.478,-0.112
3.48,-0.151
3.482,-0.132
3.484,-0.107
3.486,-0.117
3.488,-0.073
3.49,-0.063
3.492,-0.083
3.494,-0.078
3.496,-0.083
3.498,-0.088
3.5,-0.073
3.502,-0.093
3.504,-0.093
3.506,-0.088
3.508,-0.112
3.51,-0.102
3.512,-0.068
3.514,-0.078
3.516,-0.117
3.518,-0.122
3.52,-0.102
3.522,-0.073
3.524,-0.088
3.526,-0.122
3.528,-0.088
3.53,-0.073
3.532,-0.083
3.534,-0.054
3.536,-0.034
3.538,-0.029
3.54,-0.068
3.542,-0.112
3.544,-0.146
3.546,-0.151
3.548,-0.142
3.55,-0.117
3.552,-0.127
3.554,-0.088
3.556,-0.078
3.558,-0.132
3.56,-0.132
3.562,-0.083
3.564,-0.063
3.566,-0.073
3.568,-0.098
3.57,-0.117
3.572,-0.102
3.574,-0.078
3.576,-0.088
3.578,-0.122
3.58,-0.146
3.582,-0.137
3.584,-0.117
3.586,-0.107
3.588,-0.127
3.59,-0.107
3.592,-0.122
3.594,-0.171
3.596,-0.156
3.598,-0.161
3.6,-0.156
3.602,-0.102
3.604,-0.107
3.606,-0.117
3.608,-0.142
3.61,-0.142
3.612,-0.107
3.614,-0.088
3.616,-0.112
3.618,-0.132
3.62,-0.137
3.622,-0.117
3.624,-0.161
3.626,-0.185
3.628,-0.171
3.63,-0.132
3.632,-0.102
3.634,-0.117
3.636,-0.176
3.638,-0.166
3.64,-0.137
3.642,-0.137
3.644,-0.122
3.646,-0.137
3.648,-0.132
3.65,-0.112
3.652,-0.161
3.654,-0.166
3.656,-0.146
3.658,-0.166
3.66,-0.181
3.662,-0.142
3.664,-0.112
3.666,-0.112
3.668,-0.142
3.67,-0.137
3.672,-0.122
3.674,-0.156
3.676,-0.156
3.678,-0.171
3.68,-0.181
3.682,-0.146
3.684,-0.156
3.686,-0.166
3.688,-0.19
3.69,-0.185
3.692,-0.161
3.694,-0.146
3.696,-0.127
3.698,-0.151
3.7,-0.151
3.702,-0.142
3.704,-0.156
3.706,-0.156
3.708,-0.127
3.71,-0.161
3.712,-0.156
3.714,-0.171
3.716,-0.171
3.718,-0.171
3.72,-0.161
3.722,-0.161
3.724,-0.161
3.726,-0.151
3.728,-0.146
3.73,-0.137
3.732,-0.146
3.734,-0.156
3.736,-0.156
3.738,-0.156
3.74,-0.137
3.742,-0.137
3.744,-0.142
3.746,-0.171
3.748,-0.156
3.75,-0.142
3.752,-0.151
3.754,-0.195
3.756,-0.21
3.758,-0.185
3.76,-0.117
3.762,-0.122
3.764,-0.127
3.766,-0.132
3.768,-0.151
3.77,-0.142
3.772,-0.146
3.774,-0.166
3.776,-0.176
3.778,-0.181
3.78,-0.185
3.782,-0.151
3.784,-0.132
3.786,-0.176
3.788,-0.142
3.79,-0.117
3.792,-0.117
3.794,-0.142
3.796,-0.146
3.798,-0.142
3.8,-0.122
3.802,-0.102
3.804,-0.098
3.806,-0.068
3.808,-0.063
3.81,-0.039
3.812,-0.005
3.814,-0.049
3.816,-0.054
3.818,-0.054
3.82,-0.044
3.822,-0.063
3.824,-0.049
3.826,0.005
3.828,-0.029
3.83,0.0
3.832,0.024
3.834,0.024
3.836,0.034
3.838,0.024
3.84,0.015
3.842,-0.02
3.844,-0.02
3.846,0.0
3.848,-0.01
3.85,-0.01
3.852,-0.029
3.854,-0.02
3.856,-0.005
3.858,-0.005
3.86,-0.029
3.862,-0.029
3.864,-0.034
3.866,-0.044
3.868,-0.059
3.87,-0.049
3.872,-0.039
3.874,-0.083
3.876,-0.098
3.878,-0.098
3.88,-0.122
3.882,-0.137
3.884,-0.146
3.886,-0.171
3.888,-0.161
3.89,-0.176
3.892,-0.19
3.894,-0.21
3.896,-0.254
3.898,-0.215
3.9,-0.151
3.902,-0.122
3.904,-0.146
3.906,-0.224
3.908,-0.205
3.91,-0.205
3.912,-0.22
3.914,-0.195
3.916,-0.229
3.918,-0.239
3.92,-0.224
3.922,-0.283
3.924,-0.239
3.926,-0.195
3.928,-0.229
3.93,-0.2
3.932,-0.171
3.934,-0.215
3.936,-0.21
3.938,-0.176
3.94,-0.098
3.942,0.029
3.944,0.161
3.946,0.41
3.948,0.659
3.95,0.844
3.952,1.069
3.954,1.205
3.956,1.24
3.958,1.186
3.96,0.981
3.962,0.722
3.964,0.493
3.966,0.268
3.968,0.068
3.97,-0.01
3.972,-0.015
3.974,0.015
3.976,0.034
3.978,-0.039
3.98,-0.107
3.982,-0.127
3.984,-0.146
3.986,-0.142
3.988,-0.151
3.99,-0.185
3.992,-0.205
3.994,-0.2
3.996,-0.215
3.998,-0.229
4.0,-0.229
4.002,-0.166
4.004,-0.166
4.006,-0.19
4.008,-0.2
4.01,-0.181
4.012,-0.19
4.014,-0.185
4.016,-0.19
4.018,-0.2
4.02,-0.195
4.022,-0.171
4.024,-0.195
4.026,-0.176
4.028,-0.176
4.03,-0.185
4.032,-0.181
4.034,-0.215
4.036,-0.215
4.038,-0.195
4.04,-0.171
4.042,-0.171
4.044,-0.181
4.046,-0.176
4.048,-0.176
4.05,-0.21
4.052,-0.215
4.054,-0.171
4.056,-0.161
4.058,-0.166
4.06,-0.195
4.062,-0.132
4.064,-0.093
4.066,-0.107
4.068,-0.107
4.07,-0.142
4.072,-0.176
4.074,-0.156
4.076,-0.156
4.078,-0.102
4.08,-0.098
4.082,-0.122
4.084,-0.117
4.086,-0.088
4.088,-0.059
4.09,-0.073
4.092,-0.098
4.094,-0.107
4.096,-0.122
4.098,-0.132
4.1,-0.093
4.102,-0.098
4.104,-0.102
4.106,-0.059
4.108,-0.01
4.11,-0.005
4.112,-0.049
4.114,-0.024
4.116,-0.02
4.118,-0.039
4.12,0.005
4.122,0.044
4.124,0.044
4.126,0.034
4.128,0.034
4.13,0.034
4.132,0.01
4.134,0.015
4.136,0.044
4.138,0.068
4.14,0.059
4.142,0.073
4.144,0.098
4.146,0.132
4.148,0.132
4.15,0.137
4.152,0.161
4.154,0.259
4.156,0.273
4.158,0.195
4.16,0.19
4.162,0.195
4.164,0.215
4.166,0.254
4.168,0.254
4.17,0.249
4.172,0.278
4.174,0.327
4.176,0.332
4.178,0.337
4.18,0.346
4.182,0.327
4.184,0.346
4.186,0.366
4.188,0.346
4.19,0.376
4.192,0.434
4.194,0.41
4.196,0.405
4.198,0.434
4.2,0.425
4.202,0.4
4.204,0.366
4.206,0.395
4.208,0.425
4.21,0.405
4.212,0.381
4.214,0.361
4.216,0.337
4.218,0.317
4.22,0.293
4.222,0.293
4.224,0.278
4.226,0.22
4.228,0.156
4.23,0.161
4.232,0.102
4.234,0.078
4.236,0.073
4.238,0.034
4.24,0.029
4.242,-0.034
4.244,-0.02
4.246,0.01
4.248,-0.029
4.25,-0.073
4.252,-0.102
4.254,-0.107
4.256,-0.117
4.258,-0.122
4.26,-0.132
4.262,-0.181
4.264,-0.2
4.266,-0.156
4.268,-0.166
4.27,-0.137
4.272,-0.112
4.274,-0.146
4.276,-0.166
4.278,-0.166
4.28,-0.185
4.282,-0.181
4.284,-0.181
4.286,-0.161
4.288,-0.19
4.29,-0.161
4.292,-0.137
4.294,-0.156
4.296,-0.19
4.298,-0.215
4.3,-0.229
4.302,-0.205
4.304,-0.185
4.306,-0.195
4.308,-0.176
4.31,-0.176
4.312,-0.181
4.314,-0.195
4.316,-0.181
4.318,-0.156
4.32,-0.19
4.322,-0.181
4.324,-0.161
4.326,-0.181
4.328,-0.171
4.33,-0.171
4.332,-0.161
4.334,-0.166
4.336,-0.166
4.338,-0.146
4.34,-0.156
4.342,-0.205
4.344,-0.205
4.346,-0.2
4.348,-0.19
4.35,-0.151
4.352,-0.127
4.354,-0.117
4.356,-0.166
4.358,-0.171
4.36,-0.132
4.362,-0.137
4.364,-0.171
4.366,-0.195
4.368,-0.21
4.37,-0.137
4.372,-0.142
4.374,-0.181
4.376,-0.185
4.378,-0.171
4.38,-0.156
4.382,-0.142
4.384,-0.185
4.386,-0.185
4.388,-0.195
4.39,-0.215
4.392,-0.181
4.394,-0.156
4.396,-0.127
4.398,-0.151
4.4,-0.185
4.402,-0.132
4.404,-0.127
4.406,-0.166
4.408,-0.166
4.41,-0.176
4.412,-0.156
4.414,-0.146
4.416,-0.132
4.418,-0.142
4.42,-0.176
4.422,-0.181
4.424,-0.151
4.426,-0.19
4.428,-0.181
4.43,-0.176
4.432,-0.19
4.434,-0.176
4.436,-0.161
4.438,-0.161
4.44,-0.21
4.442,-0.229
4.444,-0.21
4.446,-0.181
4.448,-0.185
4.45,-0.176
4.452,-0.156
4.454,-0.137
4.456,-0.127
4.458,-0.161
4.46,-0.137
4.462,-0.127
4.464,-0.166
4.466,-0.205
4.468,-0.19
4.47,-0.151
4.472,-0.166
4.474,-0.185
4.476,-0.181
4.478,-0.176
4.48,-0.176
4.482,-0.151
4.484,-0.146
4.486,-0.166
4.488,-0.161
4.49,-0.181
4.492,-0.21
4.494,-0.181
4.496,-0.171
4.498,-0.146
4.5,-0.137
4.502,-0.146
4.504,-0.171
4.506,-0.156
4.508,-0.142
4.51,-0.151
4.512,-0.195
4.514,-0.171
4.516,-0.132
4.518,-0.151
4.52,-0.2
4.522,-0.22
4.524,-0.171
4.526,-0.117
4.528,-0.161
4.53,-0.195
4.532,-0.21
4.534,-0.229
4.536,-0.2
4.538,-0.195
4.54,-0.142
4.542,-0.151
4.544,-0.176
4.546,-0.229
4.548,-0.171
4.55,-0.088
4.552,-0.112
4.554,-0.161
4.556,-0.176
4.558,-0.176
4.56,-0.146
4.562,-0.107
4.564,-0.117
4.566,-0.127
4.568,-0.112
4.57,-0.142
4.572,-0.176
4.574,-0.185
4.576,-0.181
4.578,-0.161
4.58,-0.151
4.582,-0.146
4.584,-0.161
4.586,-0.176
4.588,-0.122
4.59,-0.117
4.592,-0.146
4.594,-0.127
4.596,-0.151
4.598,-0.166
4.6,-0.19
4.602,-0.215
4.604,-0.166
4.606,-0.132
4.608,-0.166
4.61,-0.171
4.612,-0.166
4.614,-0.122
4.616,-0.098
4.618,-0.142
4.62,-0.151
4.622,-0.127
4.624,-0.122
4.626,-0.156
4.628,-0.151
4.63,-0.107
4.632,-0.102
4.634,-0.122
4.636,-0.088
4.638,-0.117
4.64,-0.151
4.642,-0.161
4.644,-0.176
4.646,-0.161
4.648,-0.132
4.65,-0.122
4.652,-0.088
4.654,-0.107
4.656,-0.098
4.658,-0.054
4.66,-0.029
4.662,-0.015
4.664,-0.049
4.666,-0.068
4.668,-0.01
4.67,-0.015
4.672,-0.044
4.674,-0.078
4.676,-0.049
4.678,0.029
4.68,0.034
4.682,0.039
4.684,0.083
4.686,0.063
4.688,0.029
4.69,0.034
4.692,0.01
4.694,0.029
4.696,0.029
4.698,0.01
4.7,0.02
4.702,-0.02
4.704,-0.034
4.706,0.005
4.708,0.044
4.71,0.039
4.712,-0.015
4.714,-0.049
4.716,-0.034
4.718,-0.044
4.72,-0.044
4.722,-0.01
4.724,0.005
4.726,-0.039
4.728,-0.078
4.73,-0.117
4.732,-0.088
4.734,-0.083
4.736,-0.112
4.738,-0.127
4.74,-0.117
4.742,-0.142
4.744,-0.166
4.746,-0.161
4.748,-0.151
4.75,-0.171
4.752,-0.166
4.754,-0.166
4.756,-0.166
4.758,-0.166
4.76,-0.156
4.762,-0.161
4.764,-0.151
4.766,-0.151
4.768,-0.137
4.77,-0.127
4.772,-0.151
4.774,-0.146
4.776,-0.117
4.778,-0.127
4.78,-0.122
4.782,-0.132
4.784,-0.102
4.786,-0.093
4.788,-0.122
4.79,-0.166
4.792,-0.19
4.794,-0.034
4.796,0.151
4.798,0.303
4.8,0.493
4.802,0.678
4.804,0.883
4.806,1.132
4.808,1.318
4.81,1.362
4.812,1.347
4.814,1.205
4.816,0.976
4.818,0.776
4.82,0.586
4.822,0.322
4.824,0.185
4.826,0.161
4.828,0.21
4.83,0.205
4.832,0.137
4.834,0.044
4.836,0.01
4.838,0.01
4.84,-0.02
4.842,-0.024
4.844,-0.02
4.846,-0.039
4.848,-0.039
4.85,-0.059
4.852,-0.068
4.854,-0.073
4.856,-0.093
4.858,-0.078
4.86,-0.073
4.862,-0.088
4.864,-0.093
4.866,-0.107
4.868,-0.107
4.87,-0.088
4.872,-0.098
4.874,-0.078
4.876,-0.093
4.878,-0.088
4.88,-0.083
4.882,-0.068
4.884,-0.093
4.886,-0.068
4.888,-0.059
4.89,-0.107
4.892,-0.098
4.894,-0.083
4.896,-0.093
4.898,-0.068
4.9,-0.068
4.902,-0.073
4.904,-0.063
4.906,-0.068
4.908,-0.073
4.91,-0.083
4.912,-0.088
4.914,-0.098
4.916,-0.083
4.918,-0.049
4.92,-0.068
4.922,-0.054
4.924,-0.054
4.926,-0.107
4.928,-0.088
4.93,-0.063
4.932,-0.034
4.934,-0.054
4.936,-0.078
4.938,-0.078
4.94,-0.063
4.942,-0.054
4.944,-0.005
4.946,-0.015
4.948,-0.024
4.95,-0.015
4.952,-0.015
4.954,-0.005
4.956,0.0
4.958,0.0
4.96,0.029
4.962,0.029
4.964,0.024
4.966,0.039
4.968,0.029
4.97,0.01
4.972,0.01
4.974,0.049
4.976,0.088
4.978,0.102
4.98,0.122
4.982,0.107
4.984,0.098
4.986,0.093
4.988,0.083
4.99,0.142
4.992,0.181
4.994,0.132
4.996,0.137
4.998,0.151
5.0,0.161
5.002,0.195
5.004,0.234
5.006,0.205
5.008,0.215
5.01,0.239
5.012,0.278
5.014,0.298
5.016,0.307
5.018,0.332
5.02,0.342
5.022,0.351
5.024,0.371
5.026,0.386
5.028,0.4
5.03,0.405
5.032,0.42
5.034,0.449
5.036,0.439
5.038,0.434
5.04,0.483
5.042,0.478
5.044,0.512
5.046,0.547
5.048,0.532
5.05,0.517
5.052,0.488
5.054,0.503
5.056,0.503
5.058,0.517
5.06,0.508
5.062,0.493
5.064,0.488
5.066,0.405
5.068,0.376
5.07,0.4
5.072,0.395
5.074,0.39
5.076,0.39
5.078,0.322
5.08,0.278
5.082,0.293
5.084,0.234
5.086,0.205
5.088,0.171
5.09,0.112
5.092,0.054
5.094,0.063
5.096,0.088
5.098,0.112
5.1,0.088
5.102,0.054
5.104,0.015
5.106,-0.029
5.108,-0.039
5.11,-0.024
5.112,-0.044
5.114,-0.073
5.116,-0.059
5.118,-0.063
5.12,-0.049
5.122,-0.049
5.124,-0.059
5.126,-0.102
5.128,-0.132
5.13,-0.117
5.132,-0.137
5.134,-0.127
5.136,-0.122
5.138,-0.127
5.14,-0.102
5.142,-0.088
5.144,-0.088
5.146,-0.093
5.148,-0.117
5.15,-0.142
5.152,-0.127
5.154,-0.117
5.156,-0.127
5.158,-0.112
5.16,-0.107
5.162,-0.063
5.164,-0.102
5.166,-0.098
5.168,-0.078
5.17,-0.127
5.172,-0.122
5.174,-0.107
5.176,-0.137
5.178,-0.137
5.18,-0.127
5.182,-0.098
5.184,-0.083
5.186,-0.083
5.188,-0.088
5.19,-0.098
5.192,-0.098
5.194,-0.073
5.196,-0.083
5.198,-0.078
5.2,-0.049
5.202,-0.054
5.204,-0.073
5.206,-0.073
5.208,-0.073
5.21,-0.044
5.212,-0.054
5.214,-0.059
5.216,-0.107
5.218,-0.122
5.22,-0.132
5.222,-0.142
5.224,-0.068
5.226,-0.024
5.228,-0.044
5.23,-0.044
5.232,-0.073
5.234,-0.068
5.236,-0.024
5.238,-0.02
5.24,-0.049
5.242,-0.049
5.244,-0.063
5.246,-0.054
5.248,-0.068
5.25,-0.059
5.252,-0.034
5.254,-0.102
5.256,-0.083
5.258,0.015
5.26,-0.015
5.262,-0.034
5.264,-0.044
5.266,-0.078
5.268,-0.059
5.27,-0.068
5.272,-0.078
5.274,-0.039
5.276,-0.059
5.278,-0.068
5.28,-0.088
5.282,-0.088
5.284,-0.039
5.286,-0.073
5.288,-0.088
5.29,-0.073
5.292,-0.059
5.294,-0.068
5.296,-0.088
5.298,-0.068
5.3,-0.039
5.302,-0.068
5.304,-0.059
5.306,-0.049
5.308,-0.044
5.31,-0.039
5.312,-0.054
5.314,-0.059
5.316,-0.063
5.318,-0.068
5.32,-0.073
5.322,-0.083
5.324,-0.127
5.326,-0.132
5.328,-0.039
5.33,-0.015
5.332,-0.029
5.334,-0.054
5.336,-0.044
5.338,-0.068
5.34,-0.093
5.342,-0.078
5.344,-0.073
5.346,-0.098
5.348,-0.102
5.35,-0.068
5.352,-0.054
5.354,-0.083
5.356,-0.098
5.358,-0.068
5.36,-0.083
5.362,-0.112
5.364,-0.122
5.366,-0.122
5.368,-0.107
5.37,-0.098
5.372,-0.049
5.374,-0.063
5.376,-0.112
5.378,-0.112
5.38,-0.093
5.382,-0.078
5.384,-0.063
5.386,-0.068
5.388,-0.088
5.39,-0.068
5.392,-0.122
5.394,-0.093
5.396,-0.059
5.398,-0.078
5.4,-0.117
5.402,-0.137
5.404,-0.102
5.406,-0.088
5.408,-0.088
5.41,-0.127
5.412,-0.142
5.414,-0.122
5.416,-0.117
5.418,-0.098
5.42,-0.083
5.422,-0.093
5.424,-0.107
5.426,-0.078
5.428,-0.098
5.43,-0.137
5.432,-0.142
5.434,-0.137
5.436,-0.122
5.438,-0.127
5.44,-0.107
5.442,-0.083
5.444,-0.078
5.446,-0.098
5.448,-0.102
5.45,-0.122
5.452,-0.112
5.454,-0.083
5.456,-0.117
5.458,-0.102
5.46,-0.112
5.462,-0.137
5.464,-0.127
5.466,-0.107
5.468,-0.098
5.47,-0.098
5.472,-0.083
5.474,-0.112
5.476,-0.102
5.478,-0.112
5.48,-0.112
5.482,-0.107
5.484,-0.142
5.486,-0.142
5.488,-0.127
5.49,-0.088
5.492,-0.098
5.494,-0.122
5.496,-0.098
5.498,-0.127
5.5,-0.151
5.502,-0.142
5.504,-0.146
5.506,-0.132
5.508,-0.093
5.51,-0.078
5.512,-0.044
5.514,-0.005
5.516,0.0
5.518,-0.024
5.52,-0.093
5.522,-0.078
5.524,-0.02
5.526,-0.039
5.528,0.02
5.53,0.039
5.532,-0.005
5.534,0.01
5.536,0.0
5.538,-0.01
5.54,-0.015
5.542,0.005
5.544,0.044
5.546,0.063
5.548,0.044
5.55,-0.01
5.552,-0.039
5.554,0.034
5.556,0.029
5.558,-0.02
5.56,0.02
5.562,0.044
5.564,0.02
5.566,-0.01
5.568,-0.024
5.57,-0.01
5.572,-0.024
5.574,-0.068
5.576,-0.059
5.578,-0.034
5.58,0.0
5.582,-0.005
5.584,0.005
5.586,-0.01
5.588,-0.073
5.59,-0.083
5.592,-0.112
5.594,-0.132
5.596,-0.088
5.598,-0.107
5.6,-0.156
5.602,-0.137
5.604,-0.093
5.606,-0.088
5.608,-0.137
5.61,-0.171
5.612,-0.137
5.614,-0.146
5.616,-0.176
5.618,-0.161
5.62,-0.156
5.622,-0.151
5.624,-0.151
5.626,-0.161
5.628,-0.161
5.63,-0.161
5.632,-0.137
5.634,-0.107
5.636,-0.137
5.638,-0.161
5.64,-0.137
5.642,-0.171
5.644,-0.156
5.646,-0.117
5.648,-0.171
5.65,-0.176
5.652,-0.146
5.654,-0.093
5.656,0.034
5.658,0.195
5.66,0.361
5.662,0.542
5.664,0.766
5.666,1.01
5.668,1.269
5.67,1.41
5.672,1.425
5.674,1.274
5.676,1.049
5.678,0.82
5.68,0.654
5.682,0.41
5.684,0.244
5.686,0.22
5.688,0.244
5.69,0.249
5.692,0.166
5.694,0.034
5.696,-0.029
5.698,-0.024
5.7,-0.059
5.702,-0.054
5.704,-0.102
5.706,-0.122
5.708,-0.078
5.71,-0.063
5.712,-0.078
5.714,-0.049
5.716,-0.024
5.718,-0.01
5.72,0.015
5.722,-0.024
5.724,-0.005
5.726,-0.015
5.728,-0.063
5.73,-0.073
5.732,-0.068
5.734,-0.068
5.736,-0.098
5.738,-0.063
5.74,-0.039
5.742,-0.068
5.744,-0.078
5.746,-0.034
5.748,-0.049
5.75,-0.054
5.752,-0.039
5.754,-0.034
5.756,-0.039
5.758,-0.044
5.76,-0.054
5.762,-0.015
5.764,0.01
5.766,0.015
5.768,-0.024
5.77,-0.039
5.772,-0.039
5.774,-0.049
5.776,-0.039
5.778,-0.029
5.78,-0.015
5.782,0.034
5.784,0.024
5.786,-0.015
5.788,-0.039
5.79,-0.029
5.792,-0.049
5.794,-0.02
5.796,-0.01
5.798,0.015
5.8,0.029
5.802,0.029
5.804,0.078
5.806,0.063
5.808,0.034
5.81,0.049
5.812,0.054
5.814,0.102
5.816,0.068
5.818,0.049
5.82,0.083
5.822,0.054
5.824,0.068
5.826,0.117
5.828,0.083
5.83,0.088
5.832,0.102
5.834,0.117
5.836,0.146
5.838,0.142
5.84,0.122
5.842,0.132
5.844,0.102
5.846,0.137
5.848,0.176
5.85,0.181
5.852,0.205
5.854,0.176
5.856,0.234
5.858,0.278
5.86,0.259
5.862,0.273
5.864,0.307
5.866,0.298
5.868,0.278
5.87,0.264
5.872,0.312
5.874,0.386
5.876,0.4
5.878,0.386
5.88,0.371
5.882,0.386
5.884,0.444
5.886,0.468
5.888,0.444
5.89,0.464
5.892,0.464
5.894,0.498
5.896,0.532
5.898,0.532
5.9,0.508
5.902,0.537
5.904,0.6
5.906,0.6
5.908,0.542
5.91,0.532
5.912,0.576
5.914,0.595
5.916,0.571
5.918,0.537
5.92,0.571
5.922,0.571
5.924,0.561
5.926,0.566
5.928,0.556
5.93,0.508
5.932,0.488
5.934,0.434
5.936,0.429
5.938,0.395
5.94,0.337
5.942,0.327
5.944,0.317
5.946,0.342
5.948,0.303
5.95,0.205
5.952,0.171
5.954,0.166
5.956,0.176
5.958,0.146
5.96,0.083
5.962,0.083
5.964,0.093
5.966,0.049
5.968,0.015
5.97,-0.015
5.972,-0.034
5.974,-0.029
5.976,-0.029
5.978,-0.02
5.98,-0.02
5.982,-0.044
5.984,-0.083
5.986,-0.098
5.988,-0.063
5.99,-0.098
5.992,-0.117
5.994,-0.088
5.996,-0.044
5.998,-0.088
6.0,-0.107
6.002,-0.083
6.004,-0.088
6.006,-0.083
6.008,-0.083
6.01,-0.073
6.012,-0.098
6.014,-0.088
6.016,-0.059
6.018,-0.073
6.02,-0.107
6.022,-0.093
6.024,-0.112
6.026,-0.122
6.028,-0.112
6.03,-0.161
6.032,-0.156
6.034,-0.127
6.036,-0.112
6.038,-0.073
6.04,-0.078
6.042,-0.112
6.044,-0.107
6.046,-0.107
6.048,-0.088
6.05,-0.112
6.052,-0.117
6.054,-0.107
6.056,-0.122
6.058,-0.112
6.06,-0.073
6.062,-0.117
6.064,-0.098
6.066,-0.059
6.068,-0.054
6.07,-0.088
6.072,-0.122
6.074,-0.142
6.076,-0.122
6.078,-0.107
6.08,-0.132
6.082,-0.112
6.084,-0.083
6.086,-0.088
6.088,-0.098
6.09,-0.083
6.092,-0.088
6.094,-0.142
6.096,-0.156
6.098,-0.146
6.1,-0.127
6.102,-0.098
6.104,-0.093
6.106,-0.063
6.108,-0.083
6.11,-0.107
6.112,-0.107
6.114,-0.137
6.116,-0.146
6.118,-0.142
6.12,-0.132
6.122,-0.117
6.124,-0.112
6.126,-0.137
6.128,-0.146
6.13,-0.132
6.132,-0.142
6.134,-0.127
6.136,-0.137
6.138,-0.151
6.14,-0.112
6.142,-0.112
6.144,-0.122
6.146,-0.127
6.148,-0.117
6.15,-0.127
6.152,-0.156
6.154,-0.161
6.156,-0.127
6.158,-0.107
6.16,-0.098
6.162,-0.102
6.164,-0.107
6.166,-0.107
6.168,-0.127
6.17,-0.176
6.172,-0.166
6.174,-0.166
6.176,-0.151
6.178,-0.146
6.18,-0.083
6.182,-0.107
6.184,-0.181
6.186,-0.161
6.188,-0.137
6.19,-0.142
6.192,-0.117
6.194,-0.171
6.196,-0.166
6.198,-0.137
6.2,-0.112
6.202,-0.073
6.204,-0.098
6.206,-0.122
6.208,-0.142
6.21,-0.176
6.212,-0.156
6.214,-0.137
6.216,-0.127
6.218,-0.142
6.22,-0.146
6.222,-0.156
6.224,-0.122
6.226,-0.132
6.228,-0.181
6.23,-0.156
6.232,-0.151
6.234,-0.117
6.236,-0.122
6.238,-0.142
6.24,-0.132
6.242,-0.142
6.244,-0.137
6.246,-0.142
6.248,-0.132
6.25,-0.122
6.252,-0.142
6.254,-0.132
6.256,-0.132
6.258,-0.171
6.26,-0.19
6.262,-0.185
6.264,-0.156
6.266,-0.156
6.268,-0.185
6.27,-0.171
6.272,-0.137
6.274,-0.127
6.276,-0.112
6.278,-0.127
6.28,-0.156
6.282,-0.176
6.284,-0.166
6.286,-0.146
6.288,-0.127
6.29,-0.112
6.292,-0.112
6.294,-0.151
6.296,-0.132
6.298,-0.107
6.3,-0.151
6.302,-0.181
6.304,-0.166
6.306,-0.205
6.308,-0.195
6.31,-0.142
6.312,-0.132
6.314,-0.161
6.316,-0.185
6.318,-0.166
6.32,-0.146
6.322,-0.127
6.324,-0.098
6.326,-0.161
6.328,-0.19
6.33,-0.161
6.332,-0.166
6.334,-0.146
6.336,-0.127
6.338,-0.142
6.34,-0.122
6.342,-0.102
6.344,-0.132
6.346,-0.137
6.348,-0.137
6.35,-0.117
6.352,-0.102
6.354,-0.102
6.356,-0.098
6.358,-0.112
6.36,-0.078
6.362,-0.059
6.364,-0.073
6.366,-0.059
6.368,-0.063
6.37,-0.054
6.372,-0.029
6.374,-0.049
6.376,-0.068
6.378,-0.039
6.38,-0.034
6.382,-0.02
6.384,-0.02
6.386,-0.034
6.388,-0.005
6.39,-0.015
6.392,-0.01
6.394,-0.039
6.396,-0.044
6.398,-0.039
6.4,-0.029
6.402,0.005
6.404,-0.015
6.406,-0.024
6.408,-0.02
6.41,-0.054
6.412,-0.073
6.414,-0.093
6.416,-0.083
6.418,-0.054
6.42,-0.059
6.422,-0.068
6.424,-0.073
6.426,-0.112
6.428,-0.156
6.43,-0.122
6.432,-0.137
6.434,-0.166
6.436,-0.181
6.438,-0.19
6.44,-0.132
6.442,-0.156
6.444,-0.195
6.446,-0.2
6.448,-0.215
6.45,-0.181
6.452,-0.137
6.454,-0.151
6.456,-0.181
6.458,-0.21
6.46,-0.234
6.462,-0.21
6.464,-0.19
6.466,-0.185
6.468,-0.195
6.47,-0.215
6.472,-0.181
6.474,-0.215
6.476,-0.264
6.478,-0.239
6.48,-0.2
6.482,-0.166
6.484,-0.156
6.486,-0.171
6.488,-0.137
6.49,-0.137
6.492,-0.068
6.494,0.083
6.496,0.224
6.498,0.356
6.5,0.537
6.502,0.727
6.504,0.996
6.506,1.215
6.508,1.313
6.51,1.283
6.512,1.083
6.514,0.849
6.516,0.6
6.518,0.346
6.52,0.151
6.522,0.049
6.524,0.034
6.526,0.088
6.528,0.098
6.53,0.078
6.532,0.005
6.534,-0.044
6.536,-0.049
6.538,-0.093
6.54,-0.078
6.542,-0.117
6.544,-0.137
6.546,-0.083
6.548,-0.098
6.55,-0.137
6.552,-0.132
6.554,-0.122
6.556,-0.107
6.558,-0.112
6.56,-0.137
6.562,-0.122
6.564,-0.102
6.566,-0.117
6.568,-0.098
6.57,-0.102
6.572,-0.102
6.574,-0.093
6.576,-0.117
6.578,-0.112
6.58,-0.093
6.582,-0.073
6.584,-0.049
6.586,-0.093
6.588,-0.132
6.59,-0.127
6.592,-0.102
6.594,-0.063
6.596,-0.049
6.598,-0.093
6.6,-0.117
6.602,-0.112
6.604,-0.059
6.606,-0.029
6.608,-0.054
6.61,-0.093
6.612,-0.098
6.614,-0.073
6.616,-0.054
6.618,-0.029
6.62,-0.029
6.622,-0.044
6.624,-0.054
6.626,-0.029
6.628,-0.01
6.63,-0.034
6.632,-0.01
6.634,-0.02
6.636,0.029
6.638,0.049
6.64,0.015
6.642,-0.024
6.644,-0.054
6.646,-0.024
6.648,0.005
6.65,-0.015
6.652,0.0
6.654,0.034
6.656,0.01
6.658,0.039
6.66,0.015
6.662,0.015
6.664,0.044
6.666,0.068
6.668,0.059
6.67,0.054
6.672,0.073
6.674,0.122
6.676,0.137
6.678,0.137
6.68,0.127
6.682,0.098
6.684,0.137
6.686,0.166
6.688,0.171
6.69,0.171
6.692,0.146
6.694,0.2
6.696,0.215
6.698,0.205
6.7,0.254
6.702,0.244
6.704,0.234
6.706,0.234
6.708,0.268
6.71,0.283
6.712,0.264
6.714,0.288
6.716,0.351
6.718,0.39
6.72,0.371
6.722,0.366
6.724,0.376
6.726,0.395
6.728,0.405
6.73,0.425
6.732,0.444
6.734,0.464
6.736,0.483
6.738,0.464
6.74,0.429
6.742,0.4
6.744,0.464
6.746,0.483
6.748,0.498
6.75,0.508
6.752,0.478
6.754,0.468
6.756,0.498
6.758,0.488
6.76,0.444
6.762,0.464
6.764,0.498
6.766,0.444
6.768,0.425
6.77,0.425
6.772,0.39
6.774,0.346
6.776,0.307
6.778,0.259
6.78,0.264
6.782,0.224
6.784,0.2
6.786,0.205
6.788,0.161
6.79,0.146
6.792,0.122
6.794,0.073
6.796,0.039
6.798,0.024
6.8,0.039
6.802,0.02
6.804,0.01
6.806,0.0
6.808,-0.015
6.81,-0.034
6.812,-0.054
6.814,-0.068
6.816,-0.098
6.818,-0.088
6.82,-0.098
6.822,-0.112
6.824,-0.073
6.826,-0.068
6.828,-0.083
6.83,-0.098
6.832,-0.107
6.834,-0.093
6.836,-0.122
6.838,-0.156
6.84,-0.156
6.842,-0.151
6.844,-0.093
6.846,-0.044
6.848,-0.102
6.85,-0.132
6.852,-0.102
6.854,-0.093
6.856,-0.127
6.858,-0.151
6.86,-0.122
6.862,-0.093
6.864,-0.112
6.866,-0.102
6.868,-0.068
6.87,-0.078
6.872,-0.127
6.874,-0.122
6.876,-0.122
6.878,-0.102
6.88,-0.078
6.882,-0.088
6.884,-0.127
6.886,-0.112
6.888,-0.112
6.89,-0.151
6.892,-0.112
6.894,-0.088
6.896,-0.102
6.898,-0.093
6.9,-0.088
6.902,-0.088
6.904,-0.107
6.906,-0.088
6.908,-0.063
6.91,-0.073
6.912,-0.063
6.914,-0.059
6.916,-0.107
6.918,-0.137
6.92,-0.132
6.922,-0.088
6.924,-0.078
6.926,-0.083
6.928,-0.083
6.93,-0.107
6.932,-0.142
6.934,-0.137
6.936,-0.078
6.938,-0.107
6.94,-0.102
6.942,-0.107
6.944,-0.156
6.946,-0.166
6.948,-0.146
6.95,-0.132
6.952,-0.161
6.954,-0.142
6.956,-0.107
6.958,-0.142
6.96,-0.142
6.962,-0.107
6.964,-0.083
6.966,-0.102
6.968,-0.127
6.97,-0.146
6.972,-0.107
6.974,-0.088
6.976,-0.127
6.978,-0.122
6.98,-0.117
6.982,-0.146
6.984,-0.142
6.986,-0.127
6.988,-0.098
6.99,-0.132
6.992,-0.142
6.994,-0.146
6.996,-0.156
6.998,-0.151
7.0,-0.171
7.002,-0.171
7.004,-0.088
7.006,-0.107
7.008,-0.132
7.01,-0.132
7.012,-0.122
7.014,-0.112
7.016,-0.151
7.018,-0.176
7.02,-0.181
7.022,-0.171
7.024,-0.166
7.026,-0.156
7.028,-0.195
7.03,-0.122
7.032,-0.117
7.034,-0.127
7.036,-0.098
7.038,-0.132
7.04,-0.156
7.042,-0.161
7.044,-0.171
7.046,-0.151
7.048,-0.151
7.05,-0.102
7.052,-0.132
7.054,-0.151
7.056,-0.161
7.058,-0.132
7.06,-0.161
7.062,-0.142
7.064,-0.142
7.066,-0.181
7.068,-0.19
7.07,-0.195
7.072,-0.21
7.074,-0.181
7.076,-0.161
7.078,-0.21
7.08,-0.205
7.082,-0.166
7.084,-0.161
7.086,-0.195
7.088,-0.185
7.09,-0.132
7.092,-0.146
7.094,-0.195
7.096,-0.195
7.098,-0.161
7.1,-0.146
7.102,-0.156
7.104,-0.156
7.106,-0.181
7.108,-0.21
7.11,-0.171
7.112,-0.181
7.114,-0.195
7.116,-0.205
7.118,-0.19
7.12,-0.137
7.122,-0.112
7.124,-0.088
7.126,-0.088
7.128,-0.112
7.13,-0.078
7.132,-0.088
7.134,-0.122
7.136,-0.117
7.138,-0.093
7.14,-0.078
7.142,-0.054
7.144,-0.078
7.146,-0.088
7.148,-0.088
7.15,-0.078
7.152,-0.078
7.154,-0.049
7.156,-0.068
7.158,-0.093
7.16,-0.034
7.162,-0.039
7.164,-0.039
7.166,-0.01
7.168,-0.029
7.17,-0.059
7.172,-0.088
7.174,-0.063
7.176,-0.034
7.178,-0.005
7.18,-0.039
7.182,-0.068
7.184,-0.088
7.186,-0.098
7.188,-0.088
7.19,-0.068
7.192,-0.063
7.194,-0.078
7.196,-0.098
7.198,-0.117
7.2,-0.161
7.202,-0.205
7.204,-0.249
7.206,-0.215
7.208,-0.19
7.21,-0.19
7.212,-0.215
7.214,-0.185
7.216,-0.195
7.218,-0.239
7.22,-0.215
7.222,-0.239
7.224,-0.239
7.226,-0.229
7.228,-0.254
7.23,-0.254
7.232,-0.239
7.234,-0.259
7.236,-0.249
7.238,-0.234
7.24,-0.234
7.242,-0.249
7.244,-0.273
7.246,-0.234
7.248,-0.229
7.25,-0.239
7.252,-0.254
7.254,-0.21
7.256,-0.19
7.258,-0.176
7.26,-0.185
7.262,-0.185
7.264,-0.156
7.266,-0.059
7.268,0.102
7.27,0.224
7.272,0.381
7.274,0.571
7.276,0.81
7.278,1.074
7.28,1.205
7.282,1.205
7.284,1.142
7.286,0.937
7.288,0.664
7.29,0.425
7.292,0.185
7.294,0.005
7.296,-0.024
7.298,-0.029
7.3,0.0
7.302,0.054
7.304,0.005
7.306,-0.02
7.308,-0.063
7.31,-0.117
7.312,-0.161
7.314,-0.224
7.316,-0.166
7.318,-0.166
7.32,-0.156
7.322,-0.127
7.324,-0.146
7.326,-0.166
7.328,-0.137
7.33,-0.161
7.332,-0.156
7.334,-0.107
7.336,-0.127
7.338,-0.21
7.34,-0.21
7.342,-0.161
7.344,-0.137
7.346,-0.156
7.348,-0.132
7.35,-0.122
7.352,-0.146
7.354,-0.156
7.356,-0.151
7.358,-0.137
7.36,-0.151
7.362,-0.142
7.364,-0.142
7.366,-0.107
7.368,-0.127
7.37,-0.112
7.372,-0.107
7.374,-0.093
7.376,-0.068
7.378,-0.093
7.38,-0.083
7.382,-0.132
7.384,-0.146
7.386,-0.102
7.388,-0.132
7.39,-0.132
7.392,-0.107
7.394,-0.117
7.396,-0.068
7.398,-0.049
7.4,-0.063
7.402,-0.049
7.404,-0.049
7.406,-0.049
7.408,-0.044
7.41,-0.054
7.412,-0.059
7.414,-0.059
7.416,-0.054
7.418,-0.063
7.42,-0.044
7.422,-0.015
7.424,-0.024
7.426,-0.034
7.428,-0.024
7.43,-0.034
7.432,-0.01
7.434,0.015
7.436,0.005
7.438,0.01
7.44,0.02
7.442,0.02
7.444,0.068
7.446,0.068
7.448,0.054
7.45,0.049
7.452,0.039
7.454,0.068
7.456,0.073
7.458,0.112
7.46,0.151
7.462,0.127
7.464,0.156
7.466,0.176
7.468,0.176
7.47,0.176
7.472,0.185
7.474,0.205
7.476,0.205
7.478,0.254
7.48,0.293
7.482,0.254
7.484,0.254
7.486,0.303
7.488,0.307
7.49,0.312
7.492,0.356
7.494,0.351
7.496,0.371
7.498,0.425
7.5,0.39
7.502,0.395
7.504,0.4
7.506,0.395
7.508,0.405
7.51,0.41
7.512,0.444
7.514,0.488
7.516,0.488
7.518,0.483
7.52,0.473
7.522,0.478
7.524,0.473
7.526,0.459
7.528,0.459
7.53,0.468
7.532,0.464
7.534,0.483
7.536,0.444
7.538,0.415
7.54,0.371
7.542,0.317
7.544,0.273
7.546,0.264
7.548,0.264
7.55,0.244
7.552,0.234
7.554,0.249
7.556,0.215
7.558,0.151
7.56,0.142
7.562,0.088
7.564,0.029
7.566,0.029
7.568,0.02
7.57,-0.01
7.572,-0.054
7.574,-0.039
7.576,0.005
7.578,0.02
7.58,-0.005
7.582,-0.02
7.584,-0.068
7.586,-0.117
7.588,-0.127
7.59,-0.127
7.592,-0.088
7.594,-0.059
7.596,-0.073
7.598,-0.117
7.6,-0.127
7.602,-0.102
7.604,-0.088
7.606,-0.102
7.608,-0.102
7.61,-0.098
7.612,-0.093
7.614,-0.117
7.616,-0.151
7.618,-0.181
7.62,-0.156
7.622,-0.142
7.624,-0.117
7.626,-0.107
7.628,-0.107
7.63,-0.059
7.632,-0.107
7.634,-0.122
7.636,-0.102
7.638,-0.132
7.64,-0.117
7.642,-0.117
7.644,-0.137
7.646,-0.107
7.648,-0.107
7.65,-0.083
7.652,-0.083
7.654,-0.127
7.656,-0.117
7.658,-0.112
7.66,-0.122
7.662,-0.093
7.664,-0.093
7.666,-0.093
7.668,-0.083
7.67,-0.078
7.672,-0.078
7.674,-0.078
7.676,-0.068
7.678,-0.073
7.68,-0.122
7.682,-0.117
7.684,-0.078
7.686,-0.117
7.688,-0.107
7.69,-0.127
7.692,-0.137
7.694,-0.088
7.696,-0.088
7.698,-0.107
7.7,-0.102
7.702,-0.102
7.704,-0.068
7.706,-0.068
7.708,-0.088
7.71,-0.102
7.712,-0.102
7.714,-0.102
7.716,-0.078
7.718,-0.073
7.72,-0.078
7.722,-0.088
7.724,-0.078
7.726,-0.078
7.728,-0.102
7.73,-0.098
7.732,-0.127
7.734,-0.127
7.736,-0.073
7.738,-0.098
7.74,-0.093
7.742,-0.093
7.744,-0.088
7.746,-0.073
7.748,-0.078
7.75,-0.073
7.752,-0.078
7.754,-0.078
7.756,-0.098
7.758,-0.122
7.76,-0.122
7.762,-0.093
7.764,-0.102
7.766,-0.102
7.768,-0.073
7.77,-0.112
7.772,-0.142
7.774,-0.117
7.776,-0.112
7.778,-0.146
7.78,-0.127
7.782,-0.093
7.784,-0.093
7.786,-0.083
7.788,-0.078
7.79,-0.098
7.792,-0.107
7.794,-0.107
7.796,-0.107
7.798,-0.151
7.8,-0.122
7.802,-0.098
7.804,-0.083
7.806,-0.088
7.808,-0.098
7.81,-0.098
7.812,-0.093
7.814,-0.117
7.816,-0.083
7.818,-0.078
7.82,-0.122
7.822,-0.146
7.824,-0.146
7.826,-0.122
7.828,-0.107
7.83,-0.112
7.832,-0.078
7.834,-0.102
7.836,-0.127
7.838,-0.142
7.84,-0.146
7.842,-0.112
7.844,-0.132
7.846,-0.122
7.848,-0.093
7.85,-0.151
7.852,-0.132
7.854,-0.112
7.856,-0.107
7.858,-0.107
7.86,-0.083
7.862,-0.083
7.864,-0.098
7.866,-0.098
7.868,-0.107
7.87,-0.117
7.872,-0.107
7.874,-0.151
7.876,-0.098
7.878,-0.078
7.88,-0.093
7.882,-0.098
7.884,-0.088
7.886,-0.132
7.888,-0.166
7.89,-0.146
7.892,-0.107
7.894,-0.078
7.896,-0.063
7.898,-0.063
7.9,-0.063
7.902,-0.088
7.904,-0.078
7.906,-0.073
7.908,-0.093
7.91,-0.068
7.912,-0.068
7.914,-0.083
7.916,-0.068
7.918,-0.034
7.92,-0.054
7.922,-0.024
7.924,-0.005
7.926,0.0
7.928,-0.005
7.93,0.005
7.932,0.02
7.934,0.039
7.936,0.034
7.938,0.024
7.94,0.034
7.942,0.039
7.944,0.015
7.946,0.068
7.948,0.073
7.95,0.083
7.952,0.088
7.954,0.098
7.956,0.063
7.958,0.044
7.96,0.054
7.962,0.049
7.964,0.049
7.966,0.015
7.968,0.029
7.97,0.034
7.972,0.024
7.974,0.049
7.976,0.024
7.978,-0.005
7.98,-0.015
7.982,-0.005
7.984,0.02
7.986,-0.01
7.988,-0.049
7.99,-0.073
7.992,-0.107
7.994,-0.093
7.996,-0.073
7.998,-0.078
8.0,-0.107
8.002,-0.093
8.004,-0.102
8.006,-0.161
8.008,-0.151
8.01,-0.132
8.012,-0.102
8.014,-0.088
8.016,-0.098
8.018,-0.073
8.02,-0.098
8.022,-0.098
8.024,-0.068
8.026,-0.117
8.028,-0.132
8.03,-0.137
8.032,-0.112
8.034,-0.117
8.036,-0.122
8.038,-0.146
8.04,-0.132
8.042,-0.083
8.044,-0.068
8.046,-0.073
8.048,-0.063
8.05,-0.078
8.052,-0.073
8.054,0.015
8.056,0.156
8.058,0.322
8.06,0.522
8.062,0.703
8.064,0.922
8.066,1.176
8.068,1.381
8.07,1.42
8.072,1.352
8.074,1.098
8.076,0.805
8.078,0.62
8.08,0.468
8.082,0.224
8.084,0.166
8.086,0.185
8.088,0.254
8.09,0.229
8.092,0.132
8.094,0.049
8.096,0.005
8.098,-0.02
8.1,-0.073
8.102,-0.068
8.104,-0.034
8.106,-0.02
8.108,0.02
8.11,-0.029
8.112,-0.059
8.114,-0.068
8.116,-0.054
8.118,-0.044
8.12,-0.049
8.122,-0.049
8.124,-0.044
8.126,-0.044
8.128,-0.024
8.13,-0.005
8.132,-0.015
8.134,-0.02
8.136,-0.015
8.138,-0.02
8.14,-0.039
8.142,-0.078
8.144,-0.073
8.146,-0.063
8.148,-0.01
8.15,0.01
8.152,-0.015
8.154,-0.024
8.156,-0.005
8.158,0.005
8.16,0.024
8.162,0.005
8.164,-0.015
8.166,-0.005
8.168,-0.02
8.17,0.01
8.172,0.015
8.174,-0.039
8.176,0.005
8.178,0.01
8.18,0.0
8.182,0.01
8.184,0.039
8.186,0.039
8.188,0.0
8.19,0.015
8.192,0.049
8.194,0.02
8.196,0.005
8.198,0.029
8.2,0.034
8.202,0.054
8.204,0.073
8.206,0.093
8.208,0.088
8.21,0.068
8.212,0.059
8.214,0.078
8.216,0.112
8.218,0.137
8.22,0.137
8.222,0.098
8.224,0.146
8.226,0.176
8.228,0.132
8.23,0.127
8.232,0.112
8.234,0.107
8.236,0.102
8.238,0.132
8.24,0.215
8.242,0.234
8.244,0.2
8.246,0.205
8.248,0.244
8.25,0.273
8.252,0.264
8.254,0.239
8.256,0.254
8.258,0.264
8.26,0.303
8.262,0.312
8.264,0.322
8.266,0.342
8.268,0.366
8.27,0.376
8.272,0.405
8.274,0.41
8.276,0.405
8.278,0.42
8.28,0.449
8.282,0.473
8.284,0.488
8.286,0.498
8.288,0.498
8.29,0.508
8.292,0.532
8.294,0.571
8.296,0.566
8.298,0.566
8.3,0.551
8.302,0.503
8.304,0.537
8.306,0.561
8.308,0.566
8.31,0.59
8.312,0.59
8.314,0.625
8.316,0.625
8.318,0.595
8.32,0.542
8.322,0.537
8.324,0.532
8.326,0.527
8.328,0.468
8.33,0.473
8.332,0.454
8.334,0.41
8.336,0.429
8.338,0.4
8.34,0.332
8.342,0.312
8.344,0.293
8.346,0.264
8.348,0.21
8.35,0.171
8.352,0.19
8.354,0.151
8.356,0.112
8.358,0.102
8.36,0.102
8.362,0.078
8.364,0.034
8.366,0.015
8.368,0.01
8.37,-0.024
8.372,-0.015
8.374,-0.02
8.376,-0.024
8.378,-0.005
8.38,-0.034
8.382,-0.063
8.384,-0.02
8.386,-0.005
8.388,-0.054
8.39,-0.063
8.392,-0.068
8.394,-0.078
8.396,-0.078
8.398,-0.088
8.4,-0.049
8.402,-0.083
8.404,-0.083
8.406,-0.044
8.408,-0.005
8.41,-0.015
8.412,-0.029
8.414,-0.034
8.416,-0.073
8.418,-0.088
8.42,-0.044
8.422,-0.054
8.424,-0.063
8.426,-0.039
8.428,-0.078
8.43,-0.034
8.432,0.005
8.434,-0.054
8.436,-0.054
8.438,-0.068
8.44,-0.088
8.442,-0.044
8.444,-0.044
8.446,-0.044
8.448,-0.034
8.45,-0.093
8.452,-0.073
8.454,-0.044
8.456,-0.059
8.458,-0.068
8.46,-0.093
8.462,-0.063
8.464,-0.068
8.466,-0.078
8.468,-0.029
8.47,-0.044
8.472,-0.049
8.474,-0.063
8.476,-0.039
8.478,0.0
8.48,-0.02
8.482,-0.068
8.484,-0.063
8.486,-0.034
8.488,-0.034
8.49,-0.068
8.492,-0.054
8.494,0.0
8.496,0.015
8.498,-0.02
8.5,-0.034
8.502,-0.049
8.504,-0.049
8.506,-0.02
8.508,-0.059
8.51,-0.083
8.512,-0.088
8.514,-0.083
8.516,-0.063
8.518,-0.034
8.52,-0.044
8.522,-0.049
8.524,-0.049
8.526,-0.015
8.528,-0.044
8.53,-0.083
8.532,-0.078
8.534,-0.068
8.536,-0.068
8.538,-0.049
8.54,-0.093
8.542,-0.063
8.544,-0.034
8.546,-0.039
8.548,-0.029
8.55,-0.088
8.552,-0.117
8.554,-0.063
8.556,-0.039
8.558,-0.063
8.56,-0.063
8.562,-0.068
8.564,-0.083
8.566,-0.083
8.568,-0.063
8.57,-0.049
8.572,-0.107
8.574,-0.112
8.576,-0.088
8.578,-0.073
8.58,-0.068
8.582,-0.063
8.584,-0.078
8.586,-0.112
8.588,-0.127
8.59,-0.063
8.592,-0.063
8.594,-0.102
8.596,-0.117
8.598,-0.137
8.6,-0.112
8.602,-0.088
8.604,-0.102
8.606,-0.107
8.608,-0.102
8.61,-0.063
8.612,-0.102
8.614,-0.137
8.616,-0.102
8.618,-0.098
8.62,-0.127
8.622,-0.098
8.624,-0.059
8.626,-0.098
8.628,-0.132
8.63,-0.142
8.632,-0.102
8.634,-0.054
8.636,-0.059
8.638,-0.054
8.64,-0.088
8.642,-0.102
8.644,-0.102
8.646,-0.127
8.648,-0.117
8.65,-0.112
8.652,-0.112
8.654,-0.107
8.656,-0.132
8.658,-0.127
8.66,-0.068
8.662,-0.068
8.664,-0.073
8.666,-0.112
8.668,-0.146
8.67,-0.127
8.672,-0.132
8.674,-0.112
8.676,-0.088
8.678,-0.093
8.68,-0.093
8.682,-0.093
8.684,-0.102
8.686,-0.078
8.688,-0.068
8.69,-0.117
8.692,-0.137
8.694,-0.137
8.696,-0.132
8.698,-0.146
8.7,-0.122
8.702,-0.098
8.704,-0.088
8.706,-0.088
8.708,-0.098
8.71,-0.117
8.712,-0.137
8.714,-0.171
8.716,-0.127
8.718,-0.093
8.72,-0.088
8.722,-0.112
8.724,-0.156
8.726,-0.127
8.728,-0.063
8.73,-0.098
8.732,-0.112
8.734,-0.093
8.736,-0.132
8.738,-0.102
8.74,-0.102
8.742,-0.127
8.744,-0.122
8.746,-0.083
8.748,-0.024
8.75,0.0
8.752,-0.01
8.754,-0.015
8.756,-0.015
8.758,0.0
8.76,-0.029
8.762,-0.02
8.764,0.01
8.766,0.0
8.768,0.024
8.77,0.078
8.772,0.083
8.774,0.049
8.776,0.039
8.778,0.063
8.78,0.034
8.782,0.01
8.784,0.029
8.786,0.01
8.788,-0.024
8.79,-0.029
8.792,0.015
8.794,0.029
8.796,-0.005
8.798,0.005
8.8,0.01
8.802,0.01
8.804,-0.02
8.806,-0.034
8.808,-0.049
8.81,-0.039
8.812,-0.01
8.814,-0.059
8.816,-0.098
8.818,-0.063
8.82,-0.073
8.822,-0.102
8.824,-0.156
8.826,-0.161
8.828,-0.151
8.83,-0.102
8.832,-0.142
8.834,-0.156
8.836,-0.156
8.838,-0.181
8.84,-0.142
8.842,-0.137
8.844,-0.137
8.846,-0.176
8.848,-0.176
8.85,-0.132
8.852,-0.137
8.854,-0.181
8.856,-0.166
8.858,-0.156
8.86,-0.171
8.862,-0.166
8.864,-0.171
8.866,-0.151
8.868,-0.176
8.87,-0.21
8.872,-0.195
8.874,-0.176
8.876,-0.181
8.878,-0.151
8.88,-0.142
8.882,-0.161
8.884,-0.098
8.886,0.01
8.888,0.151
8.89,0.312
8.892,0.512
8.894,0.747
8.896,0.991
8.898,1.254
8.9,1.401
8.902,1.376
8.904,1.24
8.906,1.039
8.908,0.815
8.91,0.6
8.912,0.371
8.914,0.215
8.916,0.185
8.918,0.195
8.92,0.229
8.922,0.156
8.924,0.054
8.926,0.034
8.928,-0.024
8.93,-0.068
8.932,-0.098
8.934,-0.088
8.936,-0.059
8.938,-0.039
8.94,-0.059
8.942,-0.063
8.944,-0.063
8.946,-0.078
8.948,-0.102
8.95,-0.102
8.952,-0.093
8.954,-0.112
8.956,-0.059
8.958,-0.034
8.96,-0.029
8.962,-0.049
8.964,-0.073
8.966,-0.073
8.968,-0.054
8.97,-0.068
8.972,-0.078
8.974,-0.054
8.976,-0.059
8.978,-0.073
8.98,-0.068
8.982,-0.059
8.984,-0.059
8.986,-0.078
8.988,-0.015
8.99,-0.059
8.992,-0.078
8.994,-0.029
8.996,-0.039
8.998,-0.054
9.0,-0.01
9.002,-0.01
9.004,0.005
9.006,-0.015
9.008,-0.034
9.01,-0.015
9.012,-0.005
9.014,0.015
9.016,0.029
9.018,-0.005
9.02,0.005
9.022,-0.024
9.024,0.005
9.026,0.034
9.028,0.054
9.03,0.049
9.032,0.059
9.034,0.024
9.036,0.029
9.038,0.049
9.04,0.034
9.042,0.054
9.044,0.078
9.046,0.083
9.048,0.049
9.05,0.02
9.052,0.044
9.054,0.107
9.056,0.117
9.058,0.078
9.06,0.083
9.062,0.142
9.064,0.171
9.066,0.142
9.068,0.146
9.07,0.151
9.072,0.127
9.074,0.19
9.076,0.195
9.078,0.185
9.08,0.195
9.082,0.19
9.084,0.19
9.086,0.195
9.088,0.224
9.09,0.278
9.092,0.322
9.094,0.337
9.096,0.288
9.098,0.298
9.1,0.351
9.102,0.303
9.104,0.332
9.106,0.381
9.108,0.41
9.11,0.425
9.112,0.449
9.114,0.473
9.116,0.478
9.118,0.444
9.12,0.449
9.122,0.498
9.124,0.508
9.126,0.547
9.128,0.542
9.13,0.493
9.132,0.488
9.134,0.542
9.136,0.561
9.138,0.576
9.14,0.59
9.142,0.586
9.144,0.581
9.146,0.581
9.148,0.566
9.15,0.566
9.152,0.542
9.154,0.537
9.156,0.537
9.158,0.498
9.16,0.439
9.162,0.4
9.164,0.386
9.166,0.381
9.168,0.376
9.17,0.386
9.172,0.351
9.174,0.298
9.176,0.249
9.178,0.195
9.18,0.151
9.182,0.127
9.184,0.088
9.186,0.117
9.188,0.146
9.19,0.127
9.192,0.112
9.194,0.073
9.196,0.024
9.198,-0.005
9.2,0.01
9.202,0.005
9.204,-0.054
9.206,-0.059
9.208,-0.054
9.21,-0.073
9.212,-0.044
9.214,-0.078
9.216,-0.073
9.218,-0.068
9.22,-0.093
9.222,-0.088
9.224,-0.088
9.226,-0.059
9.228,-0.063
9.23,-0.088
9.232,-0.063
9.234,-0.068
9.236,-0.073
9.238,-0.078
9.24,-0.093
9.242,-0.078
9.244,-0.078
9.246,-0.142
9.248,-0.088
9.25,-0.049
9.252,-0.063
9.254,-0.049
9.256,-0.054
9.258,-0.049
9.26,-0.005
9.262,-0.044
9.264,-0.112
9.266,-0.102
9.268,-0.098
9.27,-0.049
9.272,-0.024
9.274,-0.073
9.276,-0.093
9.278,-0.083
9.28,-0.068
9.282,-0.054
9.284,-0.054
9.286,-0.063
9.288,-0.078
9.29,-0.073
9.292,-0.054
9.294,-0.059
9.296,-0.073
9.298,-0.059
9.3,-0.02
9.302,-0.039
9.304,-0.059
9.306,-0.034
9.308,-0.024
9.31,-0.078
9.312,-0.054
9.314,-0.063
9.316,-0.049
9.318,-0.01
9.32,-0.063
9.322,-0.073
9.324,-0.01
9.326,-0.02
9.328,-0.034
9.33,-0.044
9.332,-0.044
9.334,-0.02
9.336,-0.034
9.338,-0.039
9.34,-0.02
9.342,-0.068
9.344,-0.068
9.346,-0.059
9.348,-0.044
9.35,-0.029
9.352,-0.029
9.354,-0.029
9.356,-0.034
9.358,-0.054
9.36,-0.059
9.362,-0.088
9.364,-0.102
9.366,-0.098
9.368,-0.044
9.37,0.0
9.372,-0.024
9.374,-0.034
9.376,-0.059
9.378,-0.054
9.38,-0.02
9.382,0.0
9.384,-0.039
9.386,-0.078
9.388,-0.073
9.39,-0.059
9.392,-0.073
9.394,-0.078
9.396,-0.073
9.398,-0.059
9.4,-0.068
9.402,-0.073
9.404,-0.083
9.406,-0.068
9.408,-0.044
9.41,-0.054
9.412,-0.073
9.414,-0.059
9.416,-0.073
9.418,-0.078
9.42,-0.083
9.422,-0.059
9.424,-0.034
9.426,-0.068
9.428,-0.063
9.43,-0.068
9.432,-0.078
9.434,-0.083
9.436,-0.098
9.438,-0.049
9.44,-0.039
9.442,-0.063
9.444,-0.059
9.446,-0.054
9.448,-0.059
9.45,-0.083
9.452,-0.102
9.454,-0.073
9.456,-0.093
9.458,-0.083
9.46,-0.044
9.462,-0.029
9.464,-0.088
9.466,-0.093
9.468,-0.049
9.47,0.0
9.472,0.005
9.474,-0.015
9.476,-0.039
9.478,-0.102
9.48,-0.107
9.482,-0.059
9.484,-0.073
9.486,-0.078
9.488,-0.063
9.49,-0.054
9.492,-0.044
9.494,-0.068
9.496,-0.083
9.498,-0.083
9.5,-0.073
9.502,-0.098
9.504,-0.088
9.506,-0.049
9.508,-0.078
9.51,-0.059
9.512,-0.054
9.514,-0.034
9.516,-0.029
9.518,-0.063
9.52,-0.049
9.522,-0.02
9.524,-0.034
9.526,-0.059
9.528,-0.078
9.53,-0.078
9.532,-0.093
9.534,-0.073
9.536,-0.054
9.538,-0.083
9.54,-0.073
9.542,-0.073
9.544,-0.049
9.546,-0.034
9.548,-0.073
9.55,-0.083
9.552,-0.054
9.554,-0.044
9.556,-0.034
9.558,-0.078
9.56,-0.083
9.562,-0.015
9.564,-0.034
9.566,-0.078
9.568,-0.098
9.57,-0.117
9.572,-0.088
9.574,-0.039
9.576,-0.024
9.578,0.01
9.58,0.024
9.582,0.005
9.584,0.005
9.586,0.0
9.588,0.039
9.59,0.024
9.592,0.015
9.594,0.0
9.596,0.01
9.598,0.029
9.6,0.063
9.602,0.078
9.604,0.107
9.606,0.102
9.608,0.102
9.61,0.102
9.612,0.098
9.614,0.098
9.616,0.102
9.618,0.078
9.62,0.054
9.622,0.054
9.624,0.093
9.626,0.137
9.628,0.112
9.63,0.093
9.632,0.068
9.634,0.073
9.636,0.093
9.638,0.073
9.64,0.039
9.642,0.039
9.644,0.054
9.646,0.078
9.648,0.059
9.65,0.02
9.652,0.029
9.654,0.059
9.656,0.049
9.658,0.034
9.66,-0.044
9.662,-0.068
9.664,-0.063
9.666,-0.049
9.668,-0.054
9.67,-0.049
9.672,-0.044
9.674,-0.049
9.676,-0.054
9.678,-0.039
9.68,-0.049
9.682,-0.054
9.684,-0.044
9.686,-0.054
9.688,-0.078
9.69,-0.073
9.692,-0.054
9.694,-0.054
9.696,-0.044
9.698,-0.059
9.7,-0.078
9.702,-0.098
9.704,-0.117
9.706,-0.117
9.708,-0.112
9.71,-0.107
9.712,-0.073
9.714,-0.044
9.716,-0.01
9.718,-0.02
9.72,-0.005
9.722,0.078
9.724,0.21
9.726,0.381
9.728,0.561
9.73,0.722
9.732,0.971
9.734,1.24
9.736,1.381
9.738,1.381
9.74,1.298
9.742,1.147
9.744,0.922
9.746,0.669
9.748,0.42
9.75,0.19
9.752,0.156
9.754,0.176
9.756,0.19
9.758,0.19
9.76,0.156
9.762,0.151
9.764,0.127
9.766,0.093
9.768,0.073
9.77,0.01
9.772,-0.024
9.774,-0.015
9.776,-0.049
9.778,-0.044
9.78,0.0
9.782,0.01
9.784,0.073
9.786,0.039
9.788,0.005
9.79,0.034
9.792,0.034
9.794,0.005
9.796,0.015
9.798,0.01
9.8,0.024
9.802,0.02
9.804,0.034
9.806,0.039
9.808,0.01
9.81,0.02
9.812,0.068
9.814,0.039
9.816,0.024
9.818,0.039
9.82,0.073
9.822,0.093
9.824,0.083
9.826,0.024
9.828,-0.01
9.83,-0.005
9.832,0.029
9.834,0.054
9.836,0.049
9.838,0.083
9.84,0.078
9.842,0.078
9.844,0.073
9.846,0.049
9.848,0.068
9.85,0.078
9.852,0.049
9.854,0.112
9.856,0.098
9.858,0.078
9.86,0.063
9.862,0.088
9.864,0.122
9.866,0.117
9.868,0.122
9.87,0.151
9.872,0.127
9.874,0.117
9.876,0.127
9.878,0.142
9.88,0.137
9.882,0.132
9.884,0.166
9.886,0.21
9.888,0.171
9.89,0.171
9.892,0.185
9.894,0.205
9.896,0.22
9.898,0.21
9.9,0.195
9.902,0.185
9.904,0.21
9.906,0.254
9.908,0.239
9.91,0.244
9.912,0.283
9.914,0.283
9.916,0.254
9.918,0.259
9.92,0.268
9.922,0.283
9.924,0.337
9.926,0.337
9.928,0.366
9.93,0.41
9.932,0.4
9.934,0.39
9.936,0.4
9.938,0.444
9.94,0.41
9.942,0.429
9.944,0.493
9.946,0.512
9.948,0.527
9.95,0.561
9.952,0.556
9.954,0.537
9.956,0.522
9.958,0.542
9.96,0.6
9.962,0.586
9.964,0.571
9.966,0.586
9.968,0.581
9.97,0.654
9.972,0.678
9.974,0.649
9.976,0.63
9.978,0.615
9.98,0.625
9.982,0.61
9.984,0.61
9.986,0.669
9.988,0.659
9.99,0.6
9.992,0.595
9.994,0.537
9.996,0.503
9.998,0.527
